W00EGS1016244,14253814
W00EGS1016246,14253815
W00EGS1016248,14253816
W00EGS1016251,14253817
W00EGS1016253,14253818
W00EGS1016255,14253819
W00EGS1016259,14253821
W00EGS1016263,14253823
W00EGS1016265,14253824
W00EGS1016267,14253825
W00EGS1016273,14253828
W00EGS1016278,14253830
W00EGS1016284,14253833
W00EGS1016294,14253838
W00EGS1016299,14253840
W00EGS1016622,14253844
W00EGS1016676,14253846
W00EGS1016686,14253851
W00EGS1016689,14253852
W00EGS1016705,14253857
W00EGS1016713,14253861
W00EGS1016717,14253862
W00EGS1016719,14253863
W00EGS1016725,14253865
W00EGS1016745,14253873
W00EGS1016747,14253874
W00EGS1016759,14253879
W00EGS1016774,14253886
W00EGS1017042,14253949
W00EGS1017169,14253976
W00JR1718,14254027
W00KG03797,14254417
W00KG0549,14254478
W00KG0550,14254479
W00KG0551,14254480
W00KG0552,14254481
W00KG0553,14254482
W00KG0554,14254483
W00KG09824,14254576
W11902,14254658
W12171,14254663
W12362,14254665
W17209,14254782
W18311,14254815
W19993,14254940
W1CZ1187,14255106
W1CZ1293,14255211
W1CZ1300,14255218
W1CZ2403,14255342
W1CZ674,14255400
W1GS61408,14255516
W1GS94773,14255553
W1KG11708,14255711
W1KG12427,14255874
W1KG14505,14256138
W1KG14519,14256150
W1KG14624,14256186
W1KG14626,14256188
W1KG14743,14256225
W1KG1476,14256226
W1KG1477,14256227
W1KG14779,14256228
W1KG15407,14256281
W1KG1610,14256331
W1KG1616,14256344
W1KG16696,14256387
W1KG17456,14256503
W1KG17572,14256504
W1KG18139,14256565
W1KG18140,14256566
W1KG2230,14256611
W1KG2855,14256642
W1KG3460,14256680
W1KG3569,14256704
W1KG3570,14256705
W1KG3641,14256706
W1KG3642,14256707
W1KG3643,14256708
W1KG3645,14256709
W1KG3656,14256712
W1KG3657,14256713
W1KG4215,14256834
W1KG4228,14256845
W1KG4237,14256853
W1KG4241,14256856
W1KG4242,14256857
W1KG4243,14256858
W1KG4313,14256911
W1KG5256,14257096
W1KG5258,14257097
W1KG5478,14257148
W1KG5488,14257150
W1KG586,14257215
W1KG5945,14257233
W1KG6007,14257255
W1KG6041,14257260
W1KG6042,14257261
W1KG6044,14257262
W1KG6046,14257263
W1KG6058,14257274
W1KG6152,14257313
W1KG6160,14257319
W1KG6162,14257321
W1KG6288,14257349
W1KG818,14257374
W1KG8579,14257415
W1KG8724,14257430
W1KG8837,14257453
W1KG8855,14257456
W1KG8896,14257462
W1KG8934,14257476
W1KG9090,14257507
W1KG9121,14257508
W1KG9286,14257555
W1KG9287,14257556
W1KG9288,14257557
W1KG9561,14257591
W1KG9563,14257593
W1KG9720,14257612
W1PD105801,14257666
W1PD105849,14257682
W1PD105855,14257684
W1PD105864,14257687
W1PD105899,14257698
W1PD153536,14257720
W1PD153537,14257721
W1PD159424,14257726
W1PD159541,14257727
W1PD181209,14257789
W1PD96682,14257983
W1PD96684,14257984
W1PD96685,14257985
W20017,14258003
W20143,14258070
W20184,14258081
W20395,14258122
W20410,14258135
W20457,14258165
W20531,14258194
W20532,14258195
W20813,14258224
W20819,14258229
W20820,14258230
W20849,14258253
W20856,14258258
W20913,14258275
W21017,14258281
W21496,14258306
W21508,14258316
W21550,14258328
W21716,14258400
W21722,14258404
W21731,14258413
W21763,14258434
W21896,14258490
W21968,14258526
W22039,14258578
W22083,14258612
W22356,14258759
W22362,14258763
W22703,14258778
W22936,14258790
W23151,14258795
W23162,14258804
W23205,14258844
W23367,14258879
W23463,14258935
W23543,14258947
W23553,14258956
W23646,14259011
W23698,14259043
W23741,14259083
W23773,14259114
W23792,14259131
W23799,14259138
W23826,14259160
W23912,14259222
W23913,14259223
W24766,14259352
W25146,14259413
W25155,14259416
W25167,14259419
W25194,14259426
W25213,14259430
W25219,14259432
W26071,14259506
W26077,14259512
W26450,14259534
W27314,14259611
W27418,14259636
W27608,14259705
W28839,14259794
W28850,14259804
W28936,14259835
W29095,14259901
W29468,14259999
W29628,14260050
W29676,14260083
W29684,14260089
W29706,14260101
W2CZ5022,14260135
W2CZ7951,14260268
W2CZ7952,14260269
W2CZ7957,14260271
W2CZ7958,14260272
W2DB25466,14260483
W2PD14777,14260563
W30113,14260626
W30121,14260633
W30147,14260656
W30160,14260668
W30183,14260689
W30283,14260709
W30286,14260712
W30290,14260716
W30293,14260719
W30334,14260735
W30394,14260759
W30403,14260767
W30452,14260798
W30486,14260820
W30490,14260821
W30491,14260822
W30492,14260823
W30493,14260824
W30496,14260825
W30497,14260826
W30498,14260827
W30520,14260831
W30523,14260832
W30525,14260833
W30526,14260834
W30527,14260835
W30528,14260836
W30532,14260837
W30535,14260840
W30539,14260844
W3087,14260847
W321,14260848
W322,14260849
W3621,14260851
W3817,14260852
W3838,14260854
W389,14260857
W3904,14260858
W3CZ1323,14260860
W3CZ2,14260861
W3PD109,14260862
W453,14260864
W459,14260865
W465,14260867
W4777,14260868
W4815,14260869
W4823,14260870
W4996,14260872
W4997,14260873
W4998,14260874
W4CZ1,14260875
W4CZ1018,14260876
W4CZ1021,14260878
W4CZ1022,14260879
W4CZ1035,14260880
W4CZ1036,14260881
W4CZ1038,14260882
W4CZ1039,14260883
W4CZ1040,14260884
W4CZ10400,14260885
W4CZ10401,14260886
W4CZ1043,14260888
W4CZ1044,14260889
W4CZ1045,14260890
W4CZ1062,14260891
W4CZ1085,14260892
W4CZ1097,14260893
W4CZ1098,14260894
W4CZ1099,14260895
W4CZ1104,14260900
W4CZ1105,14260901
W4CZ1107,14260903
W4CZ1111,14260904
W4CZ1116,14260905
W4CZ1247,14260906
W4CZ1248,14260907
W4CZ15298,14260908
W4CZ15299,14260909
W4CZ15373,14260910
W4CZ15374,14260911
W4CZ15383,14260912
W4CZ15384,14260913
W4CZ15385,14260914
W4CZ15392,14260916
W4CZ1547,14260917
W4CZ15581,14260918
W4CZ15584,14260919
W4CZ1687,14260920
W4CZ16918,14260921
W4CZ16920,14260922
W4CZ16921,14260923
W4CZ16922,14260924
W4CZ16923,14260925
W4CZ20860,14260927
W4CZ20861,14260928
W4CZ20862,14260929
W4CZ20863,14260930
W4CZ20864,14260931
W4CZ20865,14260932
W4CZ20866,14260933
W4CZ20867,14260934
W4CZ20869,14260935
W4CZ20870,14260936
W4CZ20872,14260937
W4CZ20873,14260938
W4CZ22138,14260940
W4CZ24513,14260941
W4CZ24515,14260942
W4CZ30697,14260945
W4CZ30702,14260946
W4CZ31320,14260949
W4CZ31321,14260950
W4CZ33247,14260951
W4CZ33249,14260952
W4CZ41808,14260953
W4CZ41809,14260954
W4CZ41810,14260955
W4CZ41811,14260956
W4CZ4826,14260957
W4CZ4827,14260958
W4CZ5370,14260960
W4CZ6902,14260961
W4CZ7100,14260962
W4CZ73,14260963
W4CZ7370,14260964
W4CZ7445,14260965
W4CZ75,14260966
W4CZ77,14260967
W4CZ78,14260968
W525,14260970
W5329,14260971
W5331,14260972
W5671,14260975
W5743,14260976
W5833,14260978
W5842,14260979
W5JW1,14260981
W5JW10,14260982
W5JW11,14260983
W5JW12,14260984
W5JW13,14260985
W5JW14,14260986
W5JW15,14260987
W5JW16,14260988
W5JW2,14260989
W5JW3,14260990
W5JW4,14260991
W5JW5,14260992
W5JW6,14260993
W5JW7,14260994
W5JW8,14260995
W5JW9,14260996
W6004,14260997
W6206,14261000
W636,14261002
W6394,14261003
W6458,14261005
W6459,14261006
W6460,14261007
W6461,14261008
W6462,14261009
W6466,14261010
W6468,14261011
W6469,14261012
W6472,14261013
W6473,14261014
W6474,14261015
W6485,14261017
W6486,14261018
W6489,14261019
W679,14261024
W686,14261026
W7027,14261027
W703,14261028
W7085,14261029
W73,14261030
W7303,14261031
W7371,14261033
W739,14261034
W740,14261035
W741,14261036
W7438,14261037
W7487,14261040
W7489,14261041
W7499,14261043
W7500,14261044
W7503,14261045
W7545,14261048
W7551,14261049
W7555,14261050
W7616,14261052
W7667,14261053
W7734,14261055
W7735,14261056
W7737,14261057
W8140,14261063
W8145,14261064
W8147,14261065
W817,14261066
W8223,14261068
W8226,14261070
W8227,14261071
W8228,14261072
W8230,14261073
W8231,14261074
W8234,14261075
W8235,14261076
W8238,14261077
W8239,14261078
W8245,14261079
W8248,14261080
W8284,14261081
W8464,14261083
W8469,14261084
W8471,14261085
W8473,14261086
W8479,14261087
W8483,14261088
W8499,14261089
W8517,14261090
W8601,14261091
W8602,14261092
W8607,14261093
W8618,14261096
W8621,14261097
W8668,14261098
W8682,14261099
W871,14261103
W8722,14261104
W8723,14261105
W8803,14261108
W8835,14261109
W8859,14261110
W8869,14261111
W8871,14261113
W8873,14261114
W8880,14261115
W8881,14261116
W8961,14261117
W9071,14261118
W9088,14261120
W913,14261121
W914,14261122
W918,14261124
W923,14261127
W926,14261128
W930,14261130
W940,14261133
W942,14261134
W944,14261135
W9668,14261137
W9674,14261138
W9680,14261139
W9748,14261141
W9752,14261142
W9773,14261143
W9810,14261144
W986,14261146
W9893,14261148
WorkPartial,H12345
WorkPartial2,H12345_2
