rid,hollis
W00CHZ0103340,14253173
W00CHZ0103341,14253174
W00CHZ0103342,14253804
W00CHZ0103343,14253805
W00CHZ0103344,14253806
W00EGS1016286,14253834
W00EGS1016703,14253856
W00EGS1016899,14253901
W00EGS1016928,14253905
W00EGS1016947,14253914
W00EGS1016963,14253926
W00EGS1016969,14253928
W00EGS1016973,14253931
W00EGS1016994,14253938
W00EGS1017040,14253948
W00EGS1017059,14253954
W00EGS1017063,14253955
W00EGS1017070,14253958
W00EGS1017077,14253959
W00EGS1017082,14253960
W00EGS1017093,14253961
W00EGS1017102,14253962
W00EGS1017117,14253963
W00EGS1017144,14253970
W00EGS1017151,14253973
W00EGS1017157,14253974
W00EGS1017219,14253987
W00EGS1017241,14253988
W00EGS1017362,14254010
W00EGS1017393,14254011
W00EGS1017396,14254012
W00EGS1017401,14254013
W00EGS1017421,14254015
W00EGS1017426,14254017
W00EGS1017462,14254018
W00EGS1017463,14254019
W00EGS1017511,14254020
W00EGS1017555,14254021
W00EGS1017628,14254022
W00EGS1017863,14254024
W00EGS1018126,14254025
W00JW501203,14254028
W00KG01,14254029
W00KG010085,14254032
W00KG01048,14254039
W00KG01062,14254041
W00KG01063,14254042
W00KG013,14254043
W00KG01502,14254044
W00KG01503,14254045
W00KG01509,14254051
W00KG01510,14254052
W00KG01511,14254053
W00KG01512,14254054
W00KG01513,14254055
W00KG01514,14254056
W00KG01515,14254057
W00KG01516,14254058
W00KG01517,14254059
W00KG01518,14254060
W00KG01519,14254061
W00KG01520,14254062
W00KG01521,14254063
W00KG01522,14254064
W00KG016,14254082
W00KG01660,14254141
W00KG01661,14254142
W00KG01662,14254143
W00KG01663,14254144
W00KG01664,14254145
W00KG01665,14254146
W00KG01666,14254147
W00KG02329,14254150
W00KG02330,14254151
W00KG02331,14254152
W00KG02353,14254155
W00KG02358,14254156
W00KG02390,14254157
W00KG02530,14254158
W00KG02531,14254159
W00KG02741,14254348
W00KG02759,14254354
W00KG03592,14254363
W00KG03608,14254375
W00KG03612,14254379
W00KG03658,14254384
W00KG03673,14254392
W00KG03680,14254395
W00KG03789,14254410
W00KG03791,14254411
W00KG03795,14254415
W00KG03807,14254420
W00KG03888,14254439
W00KG03940,14254445
W00KG03976,14254447
W00KG03996,14254455
W00KG04012,14254464
W00KG04068,14254471
W00KG04094,14254472
W00KG05,14254473
W00KG05881,14254484
W00KG06,14254485
W00KG0622,14254489
W00KG0638,14254490
W00KG07600,14254494
W00KG07606,14254495
W00KG07610,14254496
W00KG07619,14254498
W00KG08,14254508
W00KG08362,14254509
W00KG08364,14254510
W00KG08448,14254516
W00KG08457,14254517
W00KG09,14254518
W00KG09213,14254520
W00KG09216,14254522
W00KG09507,14254532
W00KG09667,14254534
W00KG09670,14254535
W00KG09671,14254536
W00KG09673,14254537
W00KG09683,14254539
W00KG09688,14254541
W00KG09693,14254543
W00KG09694,14254544
W00KG09730,14254550
W00KG09731,14254551
W00KG09747,14254559
W00KG09748,14254560
W00KG09753,14254563
W00KG09761,14254567
W00KG09769,14254573
W00KG09977,14254585
W00KG09980,14254587
W00PD1011352,14254589
W00PD1011353,14254590
W00PD1011354,14254591
W01CT0060,14254592
W10130,14254595
W10200,14254602
W10206,14254603
W1022,14254604
W10232,14254605
W10234,14254606
W10247,14254608
W10305,14254612
W10319,14254618
W10347,14254623
W10426,14254625
W10736,14254630
W10754,14254632
W10954,14254635
W10979,14254636
W10982,14254637
W11128,14254640
W11184,14254641
W11208,14254642
W11249,14254644
W11577,14254649
W1174,14254650
W11818,14254651
W11825,14254652
W12034,14254659
W12094,14254660
W12165,14254661
W1229,14254664
W12422,14254667
W12434,14254668
W127,14254675
W12827,14254676
W12829,14254678
W13528,14254683
W13532,14254684
W13536,14254685
W13649,14254686
W13779,14254689
W13780,14254690
W13868,14254694
W13994,14254698
W14023,14254700
W14110,14254704
W14130,14254705
W14133,14254707
W14371,14254712
W14376,14254714
W14592,14254719
W147,14254722
W15098,14254726
W15232,14254729
W15274,14254732
W15588,14254740
W15590,14254741
W15649,14254742
W15651,14254743
W15925,14254750
W16515,14254765
W16912,14254769
W16936,14254770
W17168,14254780
W17276,14254784
W17319,14254786
W17320,14254787
W17635,14254790
W17713,14254793
W17722,14254794
W17789,14254796
W17836,14254797
W18,14254798
W18047,14254799
W18115,14254801
W18122,14254803
W18123,14254804
W18133,14254809
W18134,14254810
W18167,14254813
W18557,14254816
W18588,14254819
W18609,14254821
W18978,14254828
W19220,14254831
W19222,14254832
W19223,14254833
W19229,14254837
W1923,14254838
W19231,14254840
W19255,14254841
W19277,14254842
W19306,14254843
W1934,14254844
W19341,14254845
W19354,14254846
W19357,14254847
W19508,14254856
W19567,14254859
W19578,14254860
W19605,14254862
W19617,14254867
W19657,14254872
W19680,14254879
W19710,14254887
W19762,14254890
W19792,14254891
W19804,14254894
W19822,14254900
W19829,14254903
W19830,14254904
W19831,14254905
W19834,14254907
W19836,14254909
W19837,14254910
W1986,14254916
W19871,14254917
W19884,14254919
W19965,14254930
W19974,14254934
W19975,14254935
W19986,14254936
W19988,14254938
W19997,14254943
W19998,14254944
W19999,14254945
W1CZ1041,14254963
W1CZ1084,14255003
W1CZ1092,14255011
W1CZ1099,14255018
W1CZ1101,14255020
W1CZ1132,14255051
W1CZ1146,14255065
W1CZ1151,14255070
W1CZ1242,14255160
W1CZ1413,14255233
W1CZ1479,14255235
W1CZ1871,14255260
W1CZ1878,14255267
W1CZ1980,14255278
W1CZ1987,14255282
W1CZ2273,14255318
W1CZ2398,14255340
W1CZ2401,14255341
W1CZ2407,14255343
W1CZ2408,14255344
W1CZ2413,14255345
W1CZ2481,14255353
W1CZ2730,14255379
W1CZ2744,14255383
W1CZ2856,14255391
W1CZ2857,14255392
W1CZ3868,14255394
W1CZ688,14255402
W1CZ690,14255404
W1CZ855,14255406
W1CZ856,14255407
W1CZ884,14255415
W1CZ895,14255425
W1CZ996,14255441
W1GS10,14255442
W1GS103597,14255443
W1GS11,14255445
W1GS135531,14255446
W1GS135873,14255447
W1GS136667,14255448
W1GS139873,14255449
W1GS2,14255451
W1GS4,14255453
W1GS44028,14255454
W1GS44054,14255455
W1GS44055,14255456
W1GS44056,14255457
W1GS44554,14255459
W1GS45274,14255461
W1GS49280,14255465
W1GS49535,14255466
W1GS49554,14255467
W1GS49575,14255468
W1GS49915,14255469
W1GS49973,14255470
W1GS5,14255471
W1GS50020,14255472
W1GS53494,14255475
W1GS53994,14255476
W1GS55180,14255481
W1GS56008,14255482
W1GS56154,14255483
W1GS57624,14255489
W1GS58283,14255491
W1GS58442,14255494
W1GS60403,14255508
W1GS61404,14255515
W1GS61414,14255518
W1GS61415,14255519
W1GS66030,14255521
W1GS66241,14255522
W1GS66286,14255526
W1GS66291,14255528
W1GS66294,14255529
W1GS66332,14255534
W1GS66367,14255538
W1GS66375,14255539
W1GS75024,14255540
W1GS75055,14255543
W1GS8,14255544
W1GS88816,14255549
W1GS9,14255550
W1GS91829,14255551
W1GS91831,14255552
W1GS94774,14255554
W1JM1,14255556
W1KG10019,14255564
W1KG10061,14255569
W1KG1011,14255580
W1KG10112,14255582
W1KG10137,14255586
W1KG10184,14255598
W1KG10193,14255601
W1KG10237,14255603
W1KG10241,14255604
W1KG10279,14255608
W1KG10282,14255611
W1KG10294,14255619
W1KG10375,14255620
W1KG10493,14255634
W1KG10580,14255641
W1KG1059,14255644
W1KG10597,14255648
W1KG10663,14255656
W1KG10687,14255657
W1KG10720,14255658
W1KG10746,14255662
W1KG10772,14255672
W1KG10781,14255679
W1KG10787,14255685
W1KG10853,14255690
W1KG10854,14255691
W1KG10871,14255693
W1KG1132,14255701
W1KG11665,14255702
W1KG11666,14255703
W1KG11703,14255708
W1KG11797,14255731
W1KG11820,14255737
W1KG11858,14255740
W1KG11901,14255752
W1KG11906,14255755
W1KG11920,14255758
W1KG11923,14255759
W1KG11939,14255763
W1KG11946,14255765
W1KG11947,14255766
W1KG11948,14255767
W1KG11959,14255771
W1KG12048,14255778
W1KG12061,14255781
W1KG12075,14255784
W1KG12113,14255796
W1KG12310,14255861
W1KG1249,14255884
W1KG12515,14255887
W1KG1252,14255889
W1KG12536,14255898
W1KG1254,14255902
W1KG12589,14255912
W1KG12625,14255914
W1KG12655,14255923
W1KG12980,14255989
W1KG12986,14255992
W1KG13001,14255994
W1KG13126,14256023
W1KG1320,14256026
W1KG1321,14256027
W1KG1338,14256028
W1KG13617,14256042
W1KG13693,14256048
W1KG13759,14256054
W1KG13760,14256055
W1KG13981,14256088
W1KG14,14256095
W1KG1400,14256096
W1KG14303,14256115
W1KG1442,14256118
W1KG1445,14256119
W1KG14507,14256140
W1KG14557,14256172
W1KG14784,14256232
W1KG14961,14256251
W1KG14964,14256252
W1KG15057,14256262
W1KG15058,14256263
W1KG15059,14256264
W1KG15060,14256265
W1KG15061,14256266
W1KG15384,14256280
W1KG15471,14256290
W1KG15817,14256306
W1KG15827,14256309
W1KG1597,14256323
W1KG1607,14256328
W1KG1609,14256330
W1KG1617,14256346
W1KG1620,14256347
W1KG1624,14256349
W1KG1629,14256355
W1KG1645,14256356
W1KG1656,14256364
W1KG1680,14256418
W1KG1685,14256427
W1KG17191,14256460
W1KG17192,14256461
W1KG17579,14256511
W1KG1789,14256543
W1KG1804,14256552
W1KG18134,14256561
W1KG18135,14256562
W1KG18137,14256564
W1KG1880,14256589
W1KG1891,14256591
W1KG1892,14256592
W1KG1934,14256593
W1KG1958,14256595
W1KG2118,14256597
W1KG2144,14256601
W1KG2733,14256613
W1KG2757,14256616
W1KG2767,14256619
W1KG2778,14256620
W1KG2815,14256628
W1KG3170,14256649
W1KG3372,14256656
W1KG3374,14256657
W1KG3381,14256658
W1KG3386,14256660
W1KG3514,14256687
W1KG3537,14256691
W1KG3566,14256701
W1KG3654,14256710
W1KG3655,14256711
W1KG3724,14256739
W1KG3815,14256742
W1KG3830,14256752
W1KG3939,14256772
W1KG397,14256781
W1KG3983,14256790
W1KG3998,14256799
W1KG406,14256810
W1KG4185,14256811
W1KG4191,14256816
W1KG4202,14256824
W1KG4205,14256826
W1KG4210,14256830
W1KG4211,14256831
W1KG4219,14256836
W1KG422,14256837
W1KG4232,14256849
W1KG4244,14256859
W1KG4247,14256862
W1KG4251,14256866
W1KG4257,14256871
W1KG4277,14256883
W1KG4280,14256885
W1KG4282,14256887
W1KG4284,14256888
W1KG4285,14256889
W1KG4286,14256890
W1KG4312,14256910
W1KG4325,14256914
W1KG4326,14256915
W1KG4334,14256920
W1KG4335,14256921
W1KG4336,14256922
W1KG4338,14256924
W1KG4461,14256942
W1KG4475,14256956
W1KG4528,14256971
W1KG4532,14256975
W1KG4616,14256988
W1KG483,14257004
W1KG486,14257015
W1KG4871,14257025
W1KG4876,14257026
W1KG4884,14257027
W1KG492,14257031
W1KG4948,14257046
W1KG4949,14257047
W1KG5005,14257052
W1KG506,14257056
W1KG5097,14257059
W1KG5098,14257060
W1KG5099,14257061
W1KG513,14257064
W1KG5187,14257085
W1KG5327,14257114
W1KG5341,14257117
W1KG5344,14257120
W1KG5395,14257128
W1KG5420,14257135
W1KG5560,14257157
W1KG5611,14257160
W1KG5666,14257177
W1KG5698,14257180
W1KG5705,14257182
W1KG5727,14257184
W1KG5737,14257187
W1KG5762,14257190
W1KG5787,14257196
W1KG5793,14257197
W1KG5808,14257199
W1KG5814,14257203
W1KG588,14257224
W1KG589,14257225
W1KG5900,14257226
W1KG5905,14257228
W1KG5988,14257245
W1KG6013,14257258
W1KG6068,14257279
W1KG6188,14257329
W1KG6199,14257334
W1KG6257,14257346
W1KG6259,14257347
W1KG655,14257365
W1KG659,14257367
W1KG825,14257377
W1KG8320,14257387
W1KG8321,14257388
W1KG852,14257401
W1KG8585,14257419
W1KG870,14257425
W1KG879,14257442
W1KG8897,14257463
W1KG8899,14257465
W1KG9029,14257483
W1KG9039,14257493
W1KG9245,14257514
W1KG9258,14257527
W1KG9259,14257528
W1KG9260,14257529
W1KG9262,14257531
W1KG9276,14257545
W1KG9281,14257550
W1KG9408,14257584
W1KG9409,14257585
W1KG9560,14257590
W1KG9580,14257594
W1KG9588,14257595
W1KG9593,14257596
W1KG9609,14257604
W1KG9724,14257614
W1KG9748,14257619
W1KG9800,14257632
W1KG9848,14257641
W1KG9858,14257644
W1KG9862,14257645
W1KG987,14257646
W1KG988,14257647
W1PD100944,14257655
W1PD104832,14257657
W1PD107129,14257707
W1PD107142,14257708
W1PD107937,14257710
W1PD108254,14257712
W1PD127348,14257713
W1PD127393,14257714
W1PD127771,14257715
W1PD166109,14257728
W1PD1725,14257729
W1PD179846,14257732
W1PD180878,14257733
W1PD181149,14257741
W1PD181150,14257742
W1PD181151,14257743
W1PD181152,14257744
W1PD181153,14257745
W1PD181154,14257746
W1PD181155,14257747
W1PD181156,14257748
W1PD181157,14257749
W1PD181158,14257750
W1PD181159,14257751
W1PD181165,14257752
W1PD181166,14257753
W1PD2,14257791
W1PD2074,14257792
W1PD26799,14257793
W1PD289,14257794
W1PD3,14257795
W1PD36435,14257796
W1PD4,14257797
W1PD44712,14257799
W1PD45088,14257800
W1PD45090,14257801
W1PD45150,14257808
W1PD45495,14257814
W1PD45496,14257815
W1PD5,14257816
W1PD5282,14257818
W1PD5283,14257819
W1PD5284,14257820
W1PD5297,14257821
W1PD5298,14257822
W1PD5299,14257823
W1PD5300,14257824
W1PD5302,14257825
W1PD5314,14257826
W1PD53260,14257831
W1PD53265,14257833
W1PD53272,14257837
W1PD53276,14257841
W1PD6,14257848
W1PD76231,14257849
W1PD76588,14257851
W1PD76592,14257852
W1PD76619,14257853
W1PD76620,14257854
W1PD77570,14257856
W1PD8,14257857
W1PD82085,14257858
W1PD82465,14257859
W1PD83960,14257860
W1PD83963,14257861
W1PD83964,14257862
W1PD83972,14257864
W1PD83973,14257865
W1PD83974,14257866
W1PD83975,14257867
W1PD83977,14257869
W1PD83981,14257870
W1PD86468,14257872
W1PD86474,14257873
W1PD87837,14257874
W1PD88780,14257878
W1PD89051,14257898
W1PD89084,14257899
W1PD89990,14257903
W1PD9,14257908
W1PD90129,14257947
W1PD90230,14257949
W1PD90704,14257951
W1PD94,14257955
W1PD95675,14257956
W1PD95698,14257958
W1PD95746,14257959
W1PD95810,14257969
W1PD95844,14257975
W1PD96085,14257976
W1PD96185,14257978
W1PD96348,14257981
W1PD96438,14257982
W1PD96945,14257986
W1PD96997,14257987
W1PD97485,14257989
W20004,14257995
W20023,14258005
W20028,14258009
W20030,14258011
W20031,14258012
W20077,14258026
W20087,14258034
W20097,14258041
W20115,14258055
W20132,14258062
W20138,14258066
W20140,14258067
W20146,14258071
W20152,14258072
W20169,14258074
W20171,14258076
W20197,14258085
W20204,14258087
W20205,14258088
W20209,14258090
W20212,14258091
W20214,14258092
W20224,14258095
W20233,14258099
W20234,14258100
W20240,14258102
W20242,14258104
W20250,14258106
W20304,14258108
W20319,14258109
W20325,14258110
W20338,14258113
W20382,14258115
W20384,14258116
W20406,14258131
W20408,14258133
W20423,14258141
W20432,14258149
W20434,14258151
W20441,14258153
W20443,14258155
W20444,14258156
W20446,14258157
W20448,14258158
W20452,14258160
W20453,14258161
W20454,14258162
W2046,14258167
W20464,14258171
W20479,14258177
W20499,14258182
W20503,14258183
W20510,14258185
W20515,14258187
W20520,14258190
W20548,14258201
W20557,14258204
W20559,14258206
W20571,14258213
W20578,14258217
W20749,14258220
W20751,14258221
W20821,14258231
W20823,14258232
W20826,14258233
W20827,14258234
W20828,14258235
W20831,14258237
W20836,14258241
W20837,14258242
W20838,14258243
W20839,14258244
W20840,14258245
W20844,14258249
W20846,14258250
W20855,14258257
W20865,14258263
W20866,14258264
W20869,14258267
W20873,14258268
W20876,14258269
W20877,14258270
W20905,14258272
W21018,14258282
W21019,14258283
W21023,14258286
W21027,14258290
W21141,14258292
W21145,14258293
W21208,14258294
W2122,14258295
W21295,14258299
W21366,14258301
W21493,14258303
W21498,14258307
W21499,14258308
W21503,14258311
W21505,14258313
W21506,14258314
W21507,14258315
W21509,14258317
W21512,14258320
W21518,14258321
W21519,14258322
W21521,14258324
W21523,14258325
W21554,14258332
W21576,14258339
W21578,14258341
W21609,14258355
W21613,14258359
W21615,14258360
W21617,14258361
W21619,14258362
W21621,14258364
W21623,14258365
W21624,14258366
W21634,14258370
W21661,14258380
W21672,14258383
W21679,14258387
W21689,14258391
W21693,14258393
W21701,14258396
W21727,14258409
W21730,14258412
W21741,14258423
W21747,14258426
W21752,14258428
W21783,14258441
W21784,14258442
W21807,14258446
W21808,14258447
W21809,14258448
W21810,14258449
W21813,14258451
W21814,14258452
W21824,14258458
W21825,14258459
W21847,14258466
W21854,14258470
W21857,14258473
W21863,14258477
W21872,14258480
W21888,14258485
W21914,14258499
W21932,14258505
W21933,14258506
W21939,14258508
W21951,14258513
W21952,14258514
W21957,14258519
W21970,14258528
W21974,14258531
W21977,14258533
W21984,14258536
W21994,14258542
W21999,14258546
W22004,14258548
W22006,14258550
W22019,14258561
W22021,14258562
W22022,14258563
W22024,14258565
W22026,14258566
W22078,14258608
W22081,14258610
W22082,14258611
W22096,14258620
W22098,14258621
W22102,14258623
W22103,14258624
W22106,14258625
W22109,14258627
W22110,14258628
W22111,14258629
W22112,14258630
W22115,14258633
W22116,14258634
W22117,14258635
W22119,14258637
W22123,14258641
W22124,14258642
W22130,14258646
W22133,14258649
W22139,14258653
W22140,14258654
W22141,14258655
W22145,14258658
W22148,14258661
W22170,14258675
W22172,14258677
W22177,14258680
W22180,14258682
W22181,14258683
W22182,14258684
W22183,14258685
W22185,14258687
W22186,14258688
W22192,14258692
W22203,14258698
W22204,14258699
W22247,14258702
W22259,14258707
W22271,14258708
W22272,14258709
W22273,14258710
W22274,14258711
W22275,14258712
W22276,14258713
W22277,14258714
W22281,14258717
W22294,14258720
W22300,14258723
W22320,14258735
W22334,14258743
W22345,14258748
W22348,14258751
W22352,14258755
W22354,14258757
W22358,14258760
W22359,14258761
W22361,14258762
W22389,14258767
W22432,14258769
W22642,14258777
W22704,14258779
W22709,14258781
W22712,14258782
W22713,14258783
W22920,14258787
W22933,14258789
W22946,14258792
W22949,14258793
W23155,14258797
W23156,14258798
W23158,14258800
W23160,14258802
W23163,14258805
W23164,14258806
W23166,14258808
W23169,14258810
W23171,14258812
W23172,14258813
W23173,14258814
W23175,14258816
W23176,14258817
W23181,14258821
W23183,14258822
W23188,14258827
W23189,14258828
W23190,14258829
W23196,14258835
W23198,14258837
W23200,14258839
W23213,14258851
W23218,14258855
W23346,14258872
W23347,14258873
W23348,14258874
W23369,14258881
W23370,14258882
W23420,14258897
W23423,14258900
W23430,14258906
W23433,14258909
W23435,14258911
W23436,14258912
W23439,14258915
W23440,14258916
W23444,14258918
W23445,14258919
W23446,14258920
W23447,14258921
W23449,14258923
W23453,14258926
W23454,14258927
W23468,14258939
W23469,14258940
W23471,14258941
W23477,14258942
W23504,14258944
W23506,14258946
W23545,14258948
W23546,14258949
W23555,14258958
W23556,14258959
W23557,14258960
W23563,14258966
W23564,14258967
W23565,14258968
W23566,14258969
W23603,14258978
W23604,14258979
W23605,14258980
W23607,14258982
W23608,14258983
W23627,14258997
W23629,14258999
W23630,14259000
W23633,14259002
W23636,14259004
W23637,14259005
W23648,14259013
W23649,14259014
W23651,14259016
W23652,14259017
W23653,14259018
W23654,14259019
W23661,14259026
W23664,14259027
W23670,14259028
W23671,14259029
W23681,14259031
W23685,14259034
W23692,14259038
W23693,14259039
W23695,14259040
W23699,14259044
W237,14259045
W23702,14259048
W23703,14259049
W23704,14259050
W23706,14259052
W23710,14259056
W23711,14259057
W23712,14259058
W23723,14259066
W23724,14259067
W23725,14259068
W23726,14259069
W23727,14259070
W23733,14259075
W23738,14259080
W23739,14259081
W23743,14259085
W23745,14259087
W23746,14259088
W23747,14259089
W23749,14259091
W23753,14259095
W23757,14259099
W23759,14259100
W23760,14259101
W23761,14259102
W23762,14259103
W23766,14259107
W23769,14259110
W23770,14259111
W23774,14259115
W23775,14259116
W23778,14259119
W23779,14259120
W23782,14259123
W23783,14259124
W23784,14259125
W23785,14259126
W23789,14259128
W23790,14259129
W23795,14259134
W23796,14259135
W23800,14259139
W23819,14259153
W23828,14259162
W23830,14259164
W23837,14259170
W23841,14259173
W23842,14259174
W23847,14259179
W23858,14259181
W23860,14259183
W23864,14259187
W23867,14259189
W23872,14259192
W23875,14259194
W23879,14259196
W23880,14259197
W23884,14259200
W23891,14259202
W23892,14259203
W23893,14259204
W23897,14259208
W23899,14259210
W23900,14259211
W23907,14259217
W23908,14259218
W23911,14259221
W23918,14259228
W23919,14259229
W23921,14259231
W23922,14259232
W23923,14259233
W23927,14259236
W23928,14259237
W23937,14259246
W23940,14259249
W23946,14259254
W23952,14259260
W23958,14259266
W23996,14259271
W23998,14259273
W24010,14259285
W24011,14259286
W24027,14259291
W24031,14259295
W24035,14259298
W24038,14259300
W24051,14259311
W24052,14259312
W24053,14259313
W24054,14259314
W24063,14259315
W2429,14259335
W24575,14259339
W24589,14259340
W24590,14259341
W24591,14259342
W24630,14259343
W24679,14259346
W24686,14259347
W24697,14259348
W24765,14259351
W24767,14259353
W24769,14259354
W24822,14259358
W24826,14259361
W24829,14259362
W24890,14259375
W24989,14259377
W25006,14259378
W25007,14259379
W25093,14259387
W25094,14259388
W25095,14259389
W25097,14259391
W25101,14259392
W25102,14259393
W25113,14259400
W25139,14259409
W25151,14259415
W25159,14259418
W25168,14259420
W25185,14259422
W25186,14259423
W2519,14259425
W25247,14259437
W25250,14259438
W25254,14259440
W25268,14259448
W25272,14259452
W25273,14259453
W25275,14259455
W25815,14259474
W25975,14259477
W25983,14259478
W25991,14259482
W25992,14259483
W25995,14259485
W25998,14259486
W26001,14259488
W26008,14259493
W26010,14259495
W26032,14259497
W26040,14259503
W26078,14259513
W26176,14259518
W26179,14259519
W26180,14259520
W2623,14259523
W26569,14259545
W26625,14259555
W26630,14259558
W26672,14259560
W26673,14259561
W26674,14259562
W26741,14259567
W27015,14259568
W27016,14259569
W27020,14259571
W27021,14259572
W27022,14259573
W27222,14259583
W27283,14259590
W27284,14259591
W27295,14259592
W27296,14259593
W27297,14259594
W27299,14259596
W27300,14259597
W27301,14259598
W27302,14259599
W27303,14259600
W27305,14259602
W27306,14259603
W27307,14259604
W27308,14259605
W27311,14259608
W27313,14259610
W27316,14259613
W27319,14259615
W27401,14259623
W27411,14259629
W27414,14259632
W27477,14259639
W27479,14259641
W27481,14259643
W27486,14259648
W27489,14259651
W27490,14259652
W27491,14259653
W27492,14259654
W27497,14259659
W27511,14259672
W27514,14259675
W27516,14259676
W27523,14259682
W27524,14259683
W27736,14259708
W27866,14259709
W27870,14259713
W27873,14259716
W27882,14259721
W27883,14259722
W27887,14259726
W27919,14259737
W27922,14259739
W27923,14259740
W27932,14259746
W27933,14259747
W27940,14259753
W28260,14259760
W2872,14259767
W28732,14259769
W28738,14259771
W28792,14259774
W28803,14259779
W28809,14259780
W28810,14259781
W28813,14259783
W28833,14259788
W28838,14259793
W28840,14259795
W28844,14259798
W28845,14259799
W28846,14259800
W28856,14259808
W28860,14259811
W28861,14259812
W28867,14259814
W28882,14259818
W28883,14259819
W28887,14259821
W28897,14259822
W28898,14259823
W28922,14259824
W28933,14259832
W28935,14259834
W28942,14259837
W28948,14259838
W28951,14259840
W28955,14259844
W28957,14259846
W28960,14259849
W28963,14259852
W28971,14259859
W28978,14259864
W28979,14259865
W28983,14259869
W28996,14259872
W29009,14259876
W29013,14259879
W29015,14259881
W29018,14259883
W29022,14259884
W29032,14259886
W29035,14259887
W29036,14259888
W29037,14259889
W29041,14259892
W29059,14259896
W29060,14259897
W29091,14259898
W29093,14259900
W29101,14259906
W29105,14259909
W29106,14259910
W29143,14259912
W29147,14259915
W29157,14259919
W29186,14259921
W29192,14259924
W29193,14259925
W29194,14259926
W29195,14259927
W29199,14259931
W29200,14259932
W29201,14259933
W29205,14259935
W29227,14259945
W29228,14259946
W29231,14259948
W29233,14259950
W29248,14259961
W29251,14259964
W29252,14259965
W29284,14259976
W29293,14259977
W29295,14259979
W29307,14259984
W29341,14259991
W29342,14259992
W29344,14259993
W29363,14259994
W29382,14259996
W294,14259997
W29478,14260001
W29481,14260002
W29482,14260003
W29484,14260005
W29485,14260006
W29486,14260007
W29493,14260009
W29496,14260011
W29513,14260015
W29515,14260017
W29516,14260018
W29517,14260019
W29518,14260020
W29522,14260022
W29549,14260023
W29550,14260024
W29562,14260028
W29563,14260029
W29564,14260030
W29569,14260033
W29571,14260035
W29577,14260040
W29627,14260049
W29631,14260052
W29636,14260056
W29644,14260060
W29654,14260065
W29660,14260067
W29669,14260076
W29674,14260081
W29686,14260091
W29688,14260093
W29701,14260097
W29702,14260098
W29894,14260103
W29895,14260104
W29896,14260105
W29897,14260106
W29898,14260107
W29899,14260108
W29900,14260109
W29901,14260110
W29902,14260111
W29903,14260112
W29905,14260113
W29975,14260117
W29976,14260118
W29978,14260119
W29979,14260120
W29980,14260121
W29981,14260122
W29982,14260123
W29983,14260124
W29984,14260125
W29985,14260126
W2CZ5990,14260145
W2CZ5991,14260146
W2CZ6025,14260149
W2CZ6238,14260155
W2CZ6595,14260161
W2CZ6597,14260162
W2CZ6618,14260172
W2CZ6641,14260175
W2CZ6653,14260179
W2CZ7729,14260202
W2CZ7841,14260206
W2CZ7855,14260213
W2CZ7858,14260214
W2CZ7862,14260217
W2CZ7868,14260218
W2CZ7870,14260220
W2CZ7888,14260227
W2CZ7896,14260231
W2CZ7955,14260270
W2CZ7959,14260273
W2CZ7968,14260281
W2CZ7988,14260301
W2CZ7990,14260302
W2CZ8013,14260308
W2CZ8087,14260345
W2CZ9080,14260360
W2DB13635,14260427
W2DB13636,14260428
W2DB13637,14260429
W2DB13639,14260431
W2DB13640,14260432
W2DB13641,14260433
W2DB13642,14260434
W2DB13643,14260435
W2DB13644,14260436
W2DB16418,14260439
W2DB16421,14260440
W2DB16422,14260441
W2DB16423,14260442
W2DB16424,14260443
W2DB16429,14260446
W2DB16431,14260448
W2DB16630,14260449
W2DB16631,14260450
W2DB19541,14260452
W2DB25060,14260459
W2DB25391,14260460
W2DB25419,14260461
W2DB25420,14260462
W2DB25429,14260466
W2DB25433,14260467
W2DB25434,14260468
W2DB25435,14260469
W2DB25436,14260470
W2DB25437,14260471
W2DB25438,14260472
W2DB25439,14260473
W2DB25440,14260474
W2DB25441,14260475
W2DB25442,14260476
W2DB25449,14260477
W2DB25451,14260479
W2DB25452,14260480
W2DB35563,14260486
W2DB4565,14260493
W2DB4567,14260495
W2DB4568,14260496
W2DB4569,14260497
W2DB4570,14260498
W2DB4571,14260499
W2DB4574,14260501
W2DB4576,14260503
W2DB4577,14260504
W2DB4578,14260505
W2DB4582,14260507
W2DB4591,14260512
W2DB4594,14260514
W2DB4595,14260515
W2DB4600,14260518
W2DB4601,14260519
W2DB4603,14260521
W2DB4604,14260522
W2DB4605,14260523
W2DB4606,14260524
W2DB4607,14260525
W2DB4608,14260526
W2DB4609,14260527
W2DB4610,14260528
W2DB4612,14260530
W2DB4613,14260531
W2DB4614,14260532
W2DB4615,14260533
W2DB4616,14260534
W2DB4617,14260535
W2DB4618,14260536
W2DB4619,14260537
W2DB4620,14260538
W2DB4621,14260539
W2DB4622,14260540
W2DB4623,14260541
W2DB4624,14260542
W2DB4625,14260543
W2DB4626,14260544
W2DB4628,14260545
W2DB4629,14260546
W2DB4630,14260547
W2DB5087,14260548
W2DB5088,14260549
W2DB54922,14260550
W2DB5974,14260552
W2DB5977,14260553
W2DB5978,14260554
W2MS2257,14260558
W2MS2274,14260559
W2MS811,14260561
W2MS813,14260562
W2PD15535,14260564
W30012,14260565
W30013,14260566
W30014,14260567
W30015,14260568
W30016,14260569
W30017,14260570
W30018,14260571
W30019,14260572
W30020,14260573
W30021,14260574
W30022,14260575
W30023,14260576
W30038,14260582
W30060,14260591
W30066,14260593
W30067,14260594
W30068,14260595
W30072,14260599
W30073,14260600
W30074,14260601
W30083,14260604
W30084,14260605
W30085,14260606
W30086,14260607
W30098,14260613
W30101,14260616
W30105,14260620
W30112,14260625
W30116,14260629
W30123,14260635
W30124,14260636
W30125,14260637
W30129,14260640
W30134,14260643
W30137,14260646
W30138,14260647
W30145,14260654
W30150,14260659
W30151,14260660
W30152,14260661
W30153,14260662
W30157,14260666
W30161,14260669
W30176,14260682
W30178,14260684
W30185,14260691
W30199,14260697
W30261,14260698
W30267,14260702
W30279,14260705
W30280,14260706
W30287,14260713
W30291,14260717
W30292,14260718
W30303,14260723
W30304,14260724
W30305,14260725
W30306,14260726
W30307,14260727
W30322,14260731
W30335,14260736
W30347,14260746
W30387,14260756
W30388,14260757
W30407,14260771
W30420,14260775
W30428,14260778
W30432,14260781
W30435,14260784
W30436,14260785
W30438,14260787
W30442,14260791
W30443,14260792
W30446,14260793
W30450,14260796
W30453,14260799
W30456,14260802
W30460,14260803
W30465,14260807
W30466,14260808
W30467,14260809
W30514,14260828
W30515,14260829
W30516,14260830
W30533,14260838
W30534,14260839
W30536,14260841
W30537,14260842
W30538,14260843
W30540,14260845
W30541,14260846
W3572,14260850
W3834,14260853
W384,14260855
W3888,14260856
W3916,14260859
W3CN12210,NULL
W3CN13006,NULL
W447,14260863
W4615,14260866
W486,14260871
W4CZ1019,14260877
W4CZ1042,14260887
W4CZ1100,14260896
W4CZ1101,14260897
W4CZ1102,14260898
W4CZ1103,14260899
W4CZ1106,14260902
W4CZ15391,14260915
W4CZ1721,14260926
W4CZ2193,14260939
W4CZ2710,14260943
W4CZ2732,14260944
W4CZ30835,14260947
W4CZ30842,14260948
W4CZ5369,14260959
W5062,14260969
W5424,14260973
W5488,14260974
W5832,14260977
W5926,14260980
W6113,14260998
W6205,14260999
W635,14261001
W6457,14261004
W6475,14261016
W6493,14261020
W665,14261021
W669,14261022
W676,14261023
W6799,14261025
W7335,14261032
W7477,14261038
W7479,14261039
W7494,14261042
W7516,14261046
W7532,14261047
W759,14261051
W7732,14261054
W7797,14261058
W7956,14261059
W7972,14261060
W8027,14261061
W8039,14261062
W8222,14261067
W8224,14261069
W8455,14261082
W861,14261094
W8610,14261095
W8683,14261100
W8684,14261101
W87,14261102
W8751,14261106
W8773,14261107
W8870,14261112
W9086,14261119
W9140,14261123
W9201,14261125
W9209,14261126
W929,14261129
W933,14261131
W9366,14261132
W9558,14261136
W9683,14261140
W9848,14261145
W9888,14261147
