<?xml version='1.0' encoding='UTF-8'?><mets xmlns:docmd="http://www.fcla.edu/docmd" xmlns="http://www.loc.gov/METS/" xmlns:hulDrsAdmin="http://hul.harvard.edu/ois/xml/ns/hulDrsAdmin" xmlns:fits="http://hul.harvard.edu/ois/xml/ns/fits/fits_output" xmlns:premis="info:lc/xmlns/premis-v2" xmlns:xlink="http://www.w3.org/1999/xlink" xmlns:xsi="http://www.w3.org/2001/XMLSchema-instance" xsi:schemaLocation="http://www.fcla.edu/docmd http://www.fcla.edu/dls/md/docmd.xsd http://www.loc.gov/METS/ http://www.loc.gov/standards/mets/mets.xsd http://hul.harvard.edu/ois/xml/ns/hulDrsAdmin http://hul.harvard.edu/ois/xml/xsd/drs/hulDrsAdmin.xsd http://hul.harvard.edu/ois/xml/ns/fits/fits_output http://hul.harvard.edu/ois/xml/xsd/fits/fits_output.xsd info:lc/xmlns/premis-v2 http://www.loc.gov/standards/premis/premis.xsd" TYPE="DOCUMENT" PROFILE="HUL"><metsHdr ID="ID1" ADMID="ID3 ID6" CREATEDATE="2015-03-11T20:12:01.740Z" LASTMODDATE="2015-03-11T20:12:01.740Z"><agent ID="ID2" ROLE="CREATOR" TYPE="ORGANIZATION"><name>Harvard University Library</name></agent></metsHdr><amdSec ID="ID3"><techMD ID="ID4"><mdWrap ID="ID5" MDTYPE="PREMIS:OBJECT"><xmlData><premis:object xsi:type="premis:representation"><premis:objectIdentifier><premis:objectIdentifierType>HUL_DRS_OBJECT_ORACLE</premis:objectIdentifierType><premis:objectIdentifierValue>TBD</premis:objectIdentifierValue></premis:objectIdentifier><premis:objectIdentifier><premis:objectIdentifierType>HUL_DRS_DESCRIPTOR_ORACLE</premis:objectIdentifierType><premis:objectIdentifierValue>TBD</premis:objectIdentifierValue></premis:objectIdentifier><premis:objectIdentifier><premis:objectIdentifierType>HUL_DRS_OBJECT_URN</premis:objectIdentifierType><premis:objectIdentifierValue>TBD</premis:objectIdentifierValue></premis:objectIdentifier><premis:originalName>TBRC_Sample_Donor_Agreement_object</premis:originalName></premis:object></xmlData></mdWrap></techMD></amdSec><amdSec ID="ID6"><techMD ID="ID7"><mdWrap ID="ID8" MDTYPE="OTHER" OTHERMDTYPE="hulAdmin"><xmlData><hulDrsAdmin:hulDrsAdmin><hulDrsAdmin:drsObject><hulDrsAdmin:billingCode status="current" creatingAgent="01814776" createDate="2015-03-11T20:12:01.746Z">FHCL.COLL.TBRC_0001</hulDrsAdmin:billingCode><hulDrsAdmin:captionBehavior>off</hulDrsAdmin:captionBehavior><hulDrsAdmin:contentModelID>CMID-4.1</hulDrsAdmin:contentModelID><hulDrsAdmin:insertionDate>2015-03-11T20:12:01.746Z</hulDrsAdmin:insertionDate><hulDrsAdmin:ownerCode status="current" creatingAgent="01814776" createDate="2015-03-11T20:12:01.746Z">FHCL.COLL</hulDrsAdmin:ownerCode><hulDrsAdmin:ownerSuppliedName>TBRC_Sample_Donor_Agreement_object</hulDrsAdmin:ownerSuppliedName><hulDrsAdmin:role>DOCUMENTATION</hulDrsAdmin:role><hulDrsAdmin:role>DONOR_AGREEMENT</hulDrsAdmin:role><hulDrsAdmin:status>current</hulDrsAdmin:status><hulDrsAdmin:viewText>off</hulDrsAdmin:viewText></hulDrsAdmin:drsObject></hulDrsAdmin:hulDrsAdmin></xmlData></mdWrap></techMD></amdSec><amdSec ID="ID10"><techMD ID="ID11"><mdWrap ID="ID12" MDTYPE="PREMIS:OBJECT"><xmlData><premis:object xsi:type="premis:file"><premis:objectIdentifier><premis:objectIdentifierType>OTHER</premis:objectIdentifierType><premis:objectIdentifierValue>document\Agreement-of-Deposit-sample.pdf</premis:objectIdentifierValue></premis:objectIdentifier><premis:objectCharacteristics><premis:compositionLevel>0</premis:compositionLevel><premis:fixity><premis:messageDigestAlgorithm>MD5</premis:messageDigestAlgorithm><premis:messageDigest>e2824135628d13db61f00e51720e06fd</premis:messageDigest><premis:messageDigestOriginator>FITS 0.8.4</premis:messageDigestOriginator></premis:fixity><premis:size>36099</premis:size><premis:format><premis:formatDesignation><premis:formatName>Portable Document Format</premis:formatName><premis:formatVersion>1.5</premis:formatVersion></premis:formatDesignation><premis:formatRegistry><premis:formatRegistryName>PRONOM</premis:formatRegistryName><premis:formatRegistryKey>fmt/19</premis:formatRegistryKey></premis:formatRegistry></premis:format><premis:creatingApplication><premis:creatingApplicationName>Acrobat Distiller 11.0 (Windows)/lmoi</premis:creatingApplicationName><premis:dateCreatedByApplication>2015-03-11T16:03:30-04:00</premis:dateCreatedByApplication></premis:creatingApplication><premis:objectCharacteristicsExtension><docmd:document><docmd:PageCount>3</docmd:PageCount></docmd:document></premis:objectCharacteristicsExtension></premis:objectCharacteristics></premis:object></xmlData></mdWrap></techMD></amdSec><amdSec ID="ID13"><techMD ID="ID14"><mdWrap ID="ID15" MDTYPE="OTHER" OTHERMDTYPE="hulAdmin"><xmlData><hulDrsAdmin:hulDrsAdmin><hulDrsAdmin:drsFile><hulDrsAdmin:accessFlag status="current" creatingAgent="01814776" createDate="2015-03-11T20:12:02.291Z">P</hulDrsAdmin:accessFlag><hulDrsAdmin:fileIdentification><fits:identity format="Portable Document Format" mimetype="application/pdf" toolname="FITS" toolversion="0.8.4"><fits:tool toolname="Jhove" toolversion="1.5"/><fits:tool toolname="file utility" toolversion="5.03"/><fits:tool toolname="Exiftool" toolversion="9.13"/><fits:tool toolname="Droid" toolversion="6.1.3"/><fits:tool toolname="NLNZ Metadata Extractor" toolversion="3.4GA"/><fits:tool toolname="ffident" toolversion="0.2"/><fits:tool toolname="Tika" toolversion="1.3"/><fits:version toolname="Jhove" toolversion="1.5">1.5</fits:version><fits:externalIdentifier toolname="Droid" toolversion="6.1.3" type="puid">fmt/19</fits:externalIdentifier></fits:identity></hulDrsAdmin:fileIdentification><hulDrsAdmin:formatValidation><fits:well-formed toolname="Jhove" toolversion="1.5" status="SINGLE_RESULT">false</fits:well-formed><fits:valid toolname="Jhove" toolversion="1.5" status="SINGLE_RESULT">false</fits:valid><fits:message toolname="Jhove" toolversion="1.5" status="SINGLE_RESULT">Unexpected error in findFonts java.lang.ClassCastException: edu.harvard.hul.ois.jhove.module.pdf.PdfSimpleObject cannot be cast to edu.harvard.hul.ois.jhove.module.pdf.PdfDictionary offset=2803</fits:message></hulDrsAdmin:formatValidation><hulDrsAdmin:insertionDate>2015-03-11T20:12:02.291Z</hulDrsAdmin:insertionDate><hulDrsAdmin:isFirstGenerationInDrs>yes</hulDrsAdmin:isFirstGenerationInDrs><hulDrsAdmin:isPreferredDeliverableSource>unspecified</hulDrsAdmin:isPreferredDeliverableSource><hulDrsAdmin:ownerSuppliedName>Agreement-of-Deposit-sample</hulDrsAdmin:ownerSuppliedName><hulDrsAdmin:role>ARCHIVAL_MASTER</hulDrsAdmin:role><hulDrsAdmin:role>PRODUCTION_MASTER</hulDrsAdmin:role><hulDrsAdmin:role>DELIVERABLE</hulDrsAdmin:role><hulDrsAdmin:role>DOCUMENTATION</hulDrsAdmin:role><hulDrsAdmin:role>LICENSE</hulDrsAdmin:role><hulDrsAdmin:status>current</hulDrsAdmin:status><hulDrsAdmin:suppliedFilename>Agreement-of-Deposit-sample.pdf</hulDrsAdmin:suppliedFilename><hulDrsAdmin:suppliedDirectory>document\</hulDrsAdmin:suppliedDirectory><hulDrsAdmin:URI><hulDrsAdmin:uriType>FDS</hulDrsAdmin:uriType><hulDrsAdmin:uriValue>urn-3:FHCL:{n}</hulDrsAdmin:uriValue></hulDrsAdmin:URI><hulDrsAdmin:usageClass>HIGHUSE</hulDrsAdmin:usageClass></hulDrsAdmin:drsFile></hulDrsAdmin:hulDrsAdmin></xmlData></mdWrap></techMD></amdSec><amdSec ID="ID18"><digiprovMD ID="ID19"><mdWrap ID="ID20" MDTYPE="PREMIS:AGENT"><xmlData><premis:agent><premis:agentIdentifier><premis:agentIdentifierType>http://id.lib.harvard.edu</premis:agentIdentifierType><premis:agentIdentifierValue>Batch Builder/2.0.58</premis:agentIdentifierValue></premis:agentIdentifier><premis:agentName>Batch Builder/2.0.58</premis:agentName></premis:agent></xmlData></mdWrap></digiprovMD></amdSec><fileSec><fileGrp ID="ID9" USE="application-pdf"><file ID="ID16" ADMID="ID13 ID10" MIMETYPE="application/pdf"><FLocat ID="ID17" LOCTYPE="OTHER" OTHERLOCTYPE="RELATIVE_PATH" xlink:href="document\Agreement-of-Deposit-sample.pdf"/></file></fileGrp></fileSec><structMap ID="ID21"><div ID="ID22"><fptr ID="ID23" FILEID="ID16"/></div></structMap></mets>