<?xml version="1.0" encoding="UTF-8" standalone="yes"?>
<batch xmlns:xsi="http://www.w3.org/2001/XMLSchema-instance" creatingAppName="Batch Builder" creatingAppVersion="2.0.58" xsi:noNamespaceSchemaLocation="http://hul.harvard.edu/ois/xml/xsd/drs/drs_batch2.xsd">
    <name>FHCL.COLL_TBRC_Sample_Donor_Agreement_Batch_20150311_161202</name>
    <date>2015-03-11T16:12:02.395-04:00</date>
    <depositAgent>01814776</depositAgent>
    <contactInfo>
        <successEmail>vitaly_zakuta@harvard.edu</successEmail>
        <failureEmail>vitaly_zakuta@harvard.edu</failureEmail>
        <successMethod>all</successMethod>
    </contactInfo>
    <add>
        <object md5="c290ddfa36f988742beab1174cfd0746">TBRC_Sample_Donor_Agreement_object/descriptor.xml</object>
    </add>
</batch>
