<?xml version="1.0"?>
<data grt_format="2.0">
  <value _ptr_="000001D719318510" type="list" content-type="object" content-struct-name="db.mgmt.Connection">
    <value type="object" struct-name="db.mgmt.Connection" id="{464780DD-F069-43E6-BD1C-94DAC44E9157}" struct-checksum="0x96ba47d8">
      <link type="object" struct-name="db.mgmt.Driver" key="driver">com.mysql.rdbms.mysql.driver.native</link>
      <value type="string" key="hostIdentifier">Mysql@bdrc-drs.c3o1y5x4lyzo.us-east-1.rds.amazonaws.com:3306</value>
      <value type="int" key="isDefault">0</value>
      <value _ptr_="000001D71C31C6C0" type="dict" key="modules"/>
      <value _ptr_="000001D71C31D800" type="dict" key="parameterValues">
        <value type="string" key="SQL_MODE"></value>
        <value type="string" key="hostName">bdrc-drs.c3o1y5x4lyzo.us-east-1.rds.amazonaws.com</value>
        <value type="int" key="lastConnected">1520284455</value>
        <value type="string" key="password"></value>
        <value type="int" key="port">3306</value>
        <value type="string" key="schema"></value>
        <value type="string" key="serverVersion">5.6.37-log</value>
        <value type="string" key="sslCA"></value>
        <value type="string" key="sslCert"></value>
        <value type="string" key="sslCipher"></value>
        <value type="string" key="sslKey"></value>
        <value type="int" key="useSSL">1</value>
        <value type="string" key="userName">jimkBDRC</value>
      </value>
      <value type="string" key="name">AWSjsk</value>
      <link type="object" struct-name="GrtObject" key="owner">{FFB80277-10B2-4755-AF17-8A8636076635}</link>
    </value>
    <value type="object" struct-name="db.mgmt.Connection" id="{55C280C2-5910-4F86-A565-04F949089537}" struct-checksum="0x96ba47d8">
      <link type="object" struct-name="db.mgmt.Driver" key="driver">com.mysql.rdbms.mysql.driver.native</link>
      <value type="string" key="hostIdentifier">Mysql@192.168.1.228:3306</value>
      <value type="int" key="isDefault">0</value>
      <value _ptr_="000001D71C31D0E0" type="dict" key="modules"/>
      <value _ptr_="000001D71C31C300" type="dict" key="parameterValues">
        <value type="string" key="DbSqlEditor:LastDefaultSchema">drs</value>
        <value type="int" key="OPT_READ_TIMEOUT">300</value>
        <value type="string" key="SQL_MODE"></value>
        <value type="string" key="hostName">192.168.1.228</value>
        <value type="int" key="lastConnected">1521056195</value>
        <value type="string" key="password"></value>
        <value type="int" key="port">3306</value>
        <value type="string" key="schema"></value>
        <value type="string" key="serverVersion">5.7.15-0ubuntu2</value>
        <value type="string" key="sslCA"></value>
        <value type="string" key="sslCert"></value>
        <value type="string" key="sslCipher"></value>
        <value type="string" key="sslKey"></value>
        <value type="int" key="useSSL">0</value>
        <value type="string" key="userName">jsk</value>
      </value>
      <value type="string" key="name">ubuVM/ubu</value>
      <link type="object" struct-name="GrtObject" key="owner">{FFB80277-10B2-4755-AF17-8A8636076635}</link>
    </value>
    <value type="object" struct-name="db.mgmt.Connection" id="{53674083-356C-4781-9CC2-F34F993B35AF}" struct-checksum="0x96ba47d8">
      <link type="object" struct-name="db.mgmt.Driver" key="driver">com.mysql.rdbms.mysql.driver.native</link>
      <value type="string" key="hostIdentifier">Mysql@ubu1610:3306</value>
      <value type="int" key="isDefault">0</value>
      <value _ptr_="000001D71C31C180" type="dict" key="modules"/>
      <value _ptr_="000001D71C31CAE0" type="dict" key="parameterValues">
        <value type="string" key="DbSqlEditor:LastDefaultSchema">drs</value>
        <value type="int" key="OPT_READ_TIMEOUT">300</value>
        <value type="string" key="SQL_MODE"></value>
        <value type="string" key="hostName">ubu1610</value>
        <value type="int" key="lastConnected">1520623351</value>
        <value type="string" key="password"></value>
        <value type="int" key="port">3306</value>
        <value type="string" key="schema"></value>
        <value type="string" key="serverVersion">5.7.15-0ubuntu2</value>
        <value type="string" key="sslCA"></value>
        <value type="string" key="sslCert"></value>
        <value type="string" key="sslCipher"></value>
        <value type="string" key="sslKey"></value>
        <value type="int" key="useSSL">0</value>
        <value type="string" key="userName">jsk</value>
      </value>
      <value type="string" key="name">ubuVM/ubu1</value>
      <link type="object" struct-name="GrtObject" key="owner">{FFB80277-10B2-4755-AF17-8A8636076635}</link>
    </value>
    <value type="object" struct-name="db.mgmt.Connection" id="{30E8C2D8-CB96-4A6E-8DC4-259E50715B2A}" struct-checksum="0x96ba47d8">
      <link type="object" struct-name="db.mgmt.Driver" key="driver">com.mysql.rdbms.mysql.driver.native</link>
      <value type="string" key="hostIdentifier">Mysql@drsharvard.c5ewwyfxyijg.us-east-1.rds.amazonaws.com:3306</value>
      <value type="int" key="isDefault">1</value>
      <value _ptr_="000001D71C31C0C0" type="dict" key="modules"/>
      <value _ptr_="000001D71C31CE40" type="dict" key="parameterValues">
        <value type="string" key="DbSqlEditor:LastDefaultSchema">drs</value>
        <value type="string" key="SQL_MODE"></value>
        <value type="string" key="hostName">drsharvard.c5ewwyfxyijg.us-east-1.rds.amazonaws.com</value>
        <value type="int" key="lastConnected">1530316376</value>
        <value type="string" key="password"></value>
        <value type="int" key="port">3306</value>
        <value type="string" key="schema"></value>
        <value type="string" key="serverVersion">5.6.37-log</value>
        <value type="string" key="sslCA"></value>
        <value type="string" key="sslCert"></value>
        <value type="string" key="sslCipher"></value>
        <value type="string" key="sslKey"></value>
        <value type="int" key="useSSL">1</value>
        <value type="string" key="userName">bdrc</value>
      </value>
      <value type="string" key="name">RDS/RDSAWS</value>
      <link type="object" struct-name="GrtObject" key="owner">{FFB80277-10B2-4755-AF17-8A8636076635}</link>
    </value>
    <value type="object" struct-name="db.mgmt.Connection" id="{11C0D84D-37E5-4CF2-8DD0-168D550F6FB1}" struct-checksum="0x96ba47d8">
      <link type="object" struct-name="db.mgmt.Driver" key="driver">com.mysql.rdbms.mysql.driver.native</link>
      <value type="string" key="hostIdentifier">Mysql@drsharvard.c5ewwyfxyijg.us-east-1.rds.amazonaws.com:3306</value>
      <value type="int" key="isDefault">0</value>
      <value _ptr_="000001D71C31CD20" type="dict" key="modules"/>
      <value _ptr_="000001D71C31C5A0" type="dict" key="parameterValues">
        <value type="string" key="DbSqlEditor:LastDefaultSchema">drs</value>
        <value type="string" key="SQL_MODE"></value>
        <value type="string" key="hostName">drsharvard.c5ewwyfxyijg.us-east-1.rds.amazonaws.com</value>
        <value type="int" key="lastConnected">1521588541</value>
        <value type="string" key="password"></value>
        <value type="int" key="port">3306</value>
        <value type="string" key="schema">drs</value>
        <value type="string" key="serverVersion">5.6.37-log</value>
        <value type="string" key="sslCA"></value>
        <value type="string" key="sslCert"></value>
        <value type="string" key="sslCipher"></value>
        <value type="string" key="sslKey"></value>
        <value type="int" key="useSSL">1</value>
        <value type="string" key="userName">drsclient</value>
      </value>
      <value type="string" key="name">RDS/RDSAWSClient</value>
      <link type="object" struct-name="GrtObject" key="owner">{FFB80277-10B2-4755-AF17-8A8636076635}</link>
    </value>
  </value>
</data>
