<?xml version="1.0"?>
<data grt_format="2.0">
  <value _ptr_="000001D7193176A0" type="list" content-type="object" content-struct-name="db.mgmt.ServerInstance">
    <value type="object" struct-name="db.mgmt.ServerInstance" id="{9CE24A38-CC11-4A37-8DA6-74A6C1C4AB66}" struct-checksum="0x367436e2">
      <link type="object" struct-name="db.mgmt.Connection" key="connection">{464780DD-F069-43E6-BD1C-94DAC44E9157}</link>
      <value _ptr_="000001D71C31CB40" type="dict" key="loginInfo"/>
      <value _ptr_="000001D71C31C420" type="dict" key="serverInfo">
        <value type="string" key="serverVersion">5.6.37-log</value>
        <value type="int" key="setupPending">0</value>
        <value type="string" key="sys.sudo"></value>
      </value>
      <value type="string" key="name">AWSjsk</value>
    </value>
    <value type="object" struct-name="db.mgmt.ServerInstance" id="{403265F5-D9B1-4DAB-A4DE-C204A10EA42D}" struct-checksum="0x367436e2">
      <link type="object" struct-name="db.mgmt.Connection" key="connection">{55C280C2-5910-4F86-A565-04F949089537}</link>
      <value _ptr_="000001D71C31CEA0" type="dict" key="loginInfo"/>
      <value _ptr_="000001D71C31CBA0" type="dict" key="serverInfo">
        <value type="string" key="serverVersion">5.7.15-0ubuntu2</value>
        <value type="int" key="setupPending">0</value>
        <value type="string" key="sys.sudo"></value>
      </value>
      <value type="string" key="name">ubu</value>
    </value>
    <value type="object" struct-name="db.mgmt.ServerInstance" id="{6F7A5099-DE51-429C-A282-F6FBDED812AE}" struct-checksum="0x367436e2">
      <link type="object" struct-name="db.mgmt.Connection" key="connection">{30E8C2D8-CB96-4A6E-8DC4-259E50715B2A}</link>
      <value _ptr_="000001D71C31D500" type="dict" key="loginInfo"/>
      <value _ptr_="000001D71C31C1E0" type="dict" key="serverInfo">
        <value type="string" key="serverVersion">5.6.37-log</value>
        <value type="int" key="setupPending">0</value>
        <value type="string" key="sys.sudo"></value>
      </value>
      <value type="string" key="name">RDSAWS</value>
    </value>
    <value type="object" struct-name="db.mgmt.ServerInstance" id="{D4BFA143-6680-4D73-A9C9-8896AE6AE420}" struct-checksum="0x367436e2">
      <link type="object" struct-name="db.mgmt.Connection" key="connection">{53674083-356C-4781-9CC2-F34F993B35AF}</link>
      <value _ptr_="000001D71C31D2C0" type="dict" key="loginInfo"/>
      <value _ptr_="000001D71C31CD80" type="dict" key="serverInfo">
        <value type="string" key="serverVersion">5.7.15-0ubuntu2</value>
        <value type="int" key="setupPending">0</value>
        <value type="string" key="sys.sudo"></value>
      </value>
      <value type="string" key="name">ubu1</value>
    </value>
    <value type="object" struct-name="db.mgmt.ServerInstance" id="{B261CCB2-FAB2-4EB1-83BE-FB8D048041C7}" struct-checksum="0x367436e2">
      <link type="object" struct-name="db.mgmt.Connection" key="connection">{11C0D84D-37E5-4CF2-8DD0-168D550F6FB1}</link>
      <value _ptr_="000001D71C31C240" type="dict" key="loginInfo"/>
      <value _ptr_="000001D71C31C2A0" type="dict" key="serverInfo">
        <value type="string" key="serverVersion">5.6.37-log</value>
        <value type="int" key="setupPending">0</value>
        <value type="string" key="sys.sudo"></value>
      </value>
      <value type="string" key="name">RDSAWSClient</value>
    </value>
  </value>
</data>
