<?xml version='1.0' encoding='UTF-8'?><mets xmlns:mods="http://www.loc.gov/mods/v3" xmlns:fits="http://hul.harvard.edu/ois/xml/ns/fits/fits_output" xmlns="http://www.loc.gov/METS/" xmlns:hulDrsAdmin="http://hul.harvard.edu/ois/xml/ns/hulDrsAdmin" xmlns:premis="info:lc/xmlns/premis-v2" xmlns:xlink="http://www.w3.org/1999/xlink" xmlns:hulDrsBatch="http://hul.harvard.edu/ois/xml/ns/hulDrsBatch" xmlns:xsi="http://www.w3.org/2001/XMLSchema-instance" xsi:schemaLocation="http://www.loc.gov/mods/v3 http://www.loc.gov/standards/mods/v3/mods-3-5.xsd http://hul.harvard.edu/ois/xml/ns/fits/fits_output http://hul.harvard.edu/ois/xml/xsd/fits/fits_output.xsd http://www.loc.gov/METS/ http://www.loc.gov/standards/mets/mets.xsd http://hul.harvard.edu/ois/xml/ns/hulDrsAdmin http://hul.harvard.edu/ois/xml/xsd/drs/hulDrsAdmin.xsd info:lc/xmlns/premis-v2 http://www.loc.gov/standards/premis/premis.xsd http://hul.harvard.edu/ois/xml/ns/hulDrsBatch http://hul.harvard.edu/ois/xml/xsd/drs/hulDrsBatch.xsd" TYPE="TEXT" PROFILE="HUL" OBJID="urn-3:HUL.DRS.OBJECT:694117"><metsHdr ID="ID1" ADMID="ID5 ID8 ID32" CREATEDATE="2018-05-01T17:16:44.213Z" LASTMODDATE="2018-05-01T17:51:00.907Z"><agent ID="ID2" ROLE="CREATOR" TYPE="ORGANIZATION"><name>Harvard University Library</name></agent></metsHdr><dmdSec ID="ID3"><mdWrap ID="ID4" MDTYPE="MODS"><xmlData><mods:mods version="3.5"><mods:titleInfo><mods:title>zab chos zhi khro dgongs pa rang grol las na rag dong sprugs dpal yul phyag bzhes ltar bkod pa</mods:title></mods:titleInfo><mods:titleInfo><mods:title>ཟབ་ཆོས་ཞི་ཁྲོ་དགོངས་པ་རང་གྲོལ་ལས་ན་རག་དོང་སྤྲུགས་དཔལ་ཡུལ་ཕྱག་བཞེས་ལྟར་བཀོད་པ</mods:title></mods:titleInfo><mods:typeOfResource>text</mods:typeOfResource><mods:originInfo><mods:place><mods:placeTerm authority="marccountry" type="code">ii^</mods:placeTerm></mods:place><mods:place><mods:placeTerm type="text">Ldi li</mods:placeTerm></mods:place><mods:publisher>Chos spyod dpar skrun khang</mods:publisher><mods:dateIssued>2005</mods:dateIssued><mods:issuance>monographic</mods:issuance></mods:originInfo><mods:language><mods:languageTerm authority="iso639-2b" type="code">tib</mods:languageTerm></mods:language><mods:physicalDescription><mods:form authority="gmd">electronic resource</mods:form><mods:extent>8, 1028 p.</mods:extent></mods:physicalDescription><mods:abstract type="Summary">Collected rituals for propitiating peaceful and wrathful deities used at Pelyul Monastery and its affiliates.</mods:abstract><mods:tableOfContents>zab chos zhi khro dgongs pa rang grol las/ na rag dong sprugs dpal yul phyag bzhes ltar bkod pa'i dkar chag--zhi khro dgongs pa rang grol gyi chos sbyin 'phrul gyi dkar chag pad dkar phreng ba/--bla ma sku gsum gsol 'debs/--ltung bshags/--zab chos zhi khro dgongs pa rang grol las/ gsang sngags rdo rje theg pa'i chos spyod thun bzhi'i rnal 'byor sems nyid rang grol/--thun mong gi mchod gtor byin rlabs/--zab chos zhi khro dgongs pa rang grol las/ gsol 'debs sku gsum klong yangs rang grol/--zab chos zhi khro dgongs pa rang grol las/ sku gsum bla ma'i rnal 'byor gyi gsol 'debs dug gsum ma spangs rang grol/--zhi khro dgongs pa rang grol gyi don brgyud gsol 'debs ming tshig rang grol/--zab chos zhi khro dgongs pa rang grol las/ bskyed rim sngon 'gro'i lhan thabs/--rang nyid skad cig dran rdzogs rdo rje sems/--zab chos zhi khro dgongs pa rang grol las/ las byang rtsa phreng tshor ba rang grol/--zhi khro'i las byang rtsa phreng gi sman rag gtor gsum skabs su kha skong lhan thabs/--zhi khro^</mods:tableOfContents><mods:tableOfContents>dgongs pa rang grol gyi 'dzab dgongs snying po rang grol/--zab chos zhi khro dgongs pa rang grol las/ btags grol gyi don bsdus rang grol snying po/--las bum bsang sbyang /--dbang sgrub dus su bum pa sta gon bum sgrub dang bcas pa/--zab chos zhi khro dgongs pa rang grol las/ bka' srung dam can sde bdun gyi las byang dgra bgegs gdug pa rang grol/--zhi khro dgongs pa rang grol gyi gter srung sgam po lha rtse'i mchod gsol phrin las rang grol/--phyag dmigs/--zhi khro dgongs pa rang grol gyi bla ma brgyud pa'i phyag 'tshal byin rlabs sprin phung /--zab chos zhi khro dgongs pa rang grol las/ brgya phyag sdig sgrib rang grol/--rdor sems/--zab chos zhi khro dgongs pa rang grol las/ klong bshags brjod pa rang grol/--zab chos zhi khro dgongs pa rang grol las/ chos spyod bag chags rang rol/--gnam chos rtsa gsum spyi'i gtor bsngos/--gnas chos las rtsa gsum spyi'i bskang ba rgyun khyer/--zhi khro'i tshogs kyi bstab pa'i 'gugs gzhug khyer bde/--zhi khro bshags chung/--dkar gtor/--bden bdar/ na mo/^</mods:tableOfContents><mods:tableOfContents>rtsa brgyud bla ma sogs/--sde bskul/--bro 'gugs/--bkra shis/--smon lam/--bsngo smon/--rgyun bshags/--zab chos zhi khro dgongs pa rang grol las/ las byang chung ba tshor ba rang grol snying po/--zhi khro'i las byang sman rag gtor gsum mchod pa'i skabs su mtshan sngags/--^</mods:tableOfContents><mods:tableOfContents>dzap? dgongs bsdus pa/--zab chos zhi khro dgongs pa rang grol las/ phyag 'tshal ba/--rdor sems bsdus pa/--zhi khro'i skong bshags nyams chag rang grol gyi cha rkyen bskang bsdus/--zab chos zhi khro dgongs pa rang grola las skong bshags nyams chag rang grol gyi thugs dam bskang ba'i rim pa/--mdangs skong /--sman mchod/--mar me skong ba/--zab chos khri khro dgongs pa rang grol las bla ma rig 'dzin gyi mdangs skong rtogs sgrib rang grol/--zab chos zhi khro dgongs pa rang grol las bka' srung dam can sde bdun gyi mdangs skong gdug pa rang grol/--tshe 'das gnas 'dren bsdus pa/--lha dbang shin tu bsdus pa/--zhi khro'i bdag dbang/--zab chos zhi khro dgongs pa rang grol las gnas 'dren 'gro drug rang grol khrigs su bkod pa/--gzungs sngags/--sgrib sbyong thos pa don ldan/--zas bsngo/--bsur bsdus/--gsang sngags me bsur/--zab chos zhi khro dgongs pa rang grol las smin byed sgo 'byed dbang bskur 'bring po 'gro drug rang grol la kha skong phyag bzhes kyis brgyan pa 'brel tshad rang grol/--ngo^</mods:tableOfContents><mods:tableOfContents>sprod/--zhi khro'i sgo nas phung po sreg sbyong bya ba'i lag len/--phung po sreg sbyong gi kha skong/--gnam chos thugs kyi gter kha las gud du phyung ba dzaM b+ha la nyi shu rtsa gcig gi g.yang skyabs yid bzhin nor bu/--gnam chos thugs kyi gter kha snyan brgyud zab mo'i skor gyi zhi khro bsam gtan cho ga 'brel tshad rang grol/--gnam chos thugs kyi gter kha la brten pa'i bla ma mchod pa'i cho ga me tog phreng ba/--gnam chos thugs kyi gter kha snyan brgyud zab mo'i skor las chab gtor btang ba'i rim pa/--zab chos zhi khro dgongs pa rang grol las: bdag bskyed sgom rim lhan skyes ye shes/--zhi khro'i sgom rim lhan skyes bsdus pa--gnas chos thugs kyi gter kha'i kha skong gtor bsngos bdud rtsi kun khyab --zab chos zhi khro dgongs pa rang grol las/ zhi khro'i las byang shin tu mdor bsdus pa gtor sgrub rang grol snying po --gnas chos thugs kyi gter kha snyan brgyud zab mo'i skor las/ rgyal ba rgya mtsho lha lnga'i las byang /--thugs sgrub bar chad kun sel las/ rig 'dzin pad 'byung phrin las^</mods:tableOfContents><mods:tableOfContents>ngo mtshar chos drug las zab don thos grol khol du phyung ba/--dpal rdo rje sems dpa'i gsang sngags yi ge brgya pa klog tshul nyung ngu/--zhi khro dgongs pa rang grol gyi bsnyen yig mdor bsdus rnam grol don gsal/--zab chos zhi khro dgongs pa rang grol las/ dbang gi sta gon sngon 'gro rin chen sgron me'i lhan thabs gsal bar bkod pa the tshom rang grol/--'phags pa bzang po spyod pa'i smon lam gyi rgyal po/--'phags pa byams pa'i smon lam/--pha rol tu phyin pa bcu gcig gi smon lam/--mkhas grub rwa ga a s+yas mdzad pa'i rnam dag bde chen zhing gi smon lam/--dpal kun tu bzang po'i smon lam/</mods:tableOfContents><mods:accessCondition type="restriction on access">Open Access.</mods:accessCondition><mods:note type="language">In Tibetan</mods:note><mods:subject><mods:topic>chos spyod/</mods:topic></mods:subject><mods:subject><mods:topic>rnying ma/</mods:topic></mods:subject><mods:classification authority="lcc">BQ7662.4 (BQ14)+</mods:classification><mods:relatedItem type="host"><mods:titleInfo><mods:title>TBRC Core Text Collection</mods:title></mods:titleInfo><mods:part><mods:text>09</mods:text></mods:part></mods:relatedItem><mods:relatedItem type="otherFormat"><mods:identifier type="local">(DLC) 200655425</mods:identifier></mods:relatedItem><mods:recordInfo><mods:descriptionStandard>aacr</mods:descriptionStandard><mods:recordContentSource authority="marcorg">MaCbTBRC</mods:recordContentSource><mods:recordCreationDate encoding="marc">^^^^^^</mods:recordCreationDate><mods:recordChangeDate encoding="iso8601">20141217022714.0</mods:recordChangeDate><mods:recordIdentifier>014253931-7</mods:recordIdentifier><mods:recordOrigin>Converted from MARCXML to MODS version 3.5 using MARC21slim2MODS3-5-MHpatch1.xsl (Revision 1.102 2014/10/30) Library Technology Services, Harvard University</mods:recordOrigin></mods:recordInfo><mods:location><mods:physicalLocation>NET</mods:physicalLocation></mods:location></mods:mods></xmlData></mdWrap></dmdSec><amdSec ID="ID5"><techMD ID="ID6"><mdWrap ID="ID7" MDTYPE="PREMIS:OBJECT"><xmlData><premis:object xsi:type="premis:representation"><premis:objectIdentifier><premis:objectIdentifierType>HUL_DRS_OBJECT_ORACLE</premis:objectIdentifierType><premis:objectIdentifierValue>402043239</premis:objectIdentifierValue></premis:objectIdentifier><premis:objectIdentifier><premis:objectIdentifierType>HUL_DRS_DESCRIPTOR_ORACLE</premis:objectIdentifierType><premis:objectIdentifierValue>402043240</premis:objectIdentifierValue></premis:objectIdentifier><premis:objectIdentifier><premis:objectIdentifierType>HUL_DRS_OBJECT_URN</premis:objectIdentifierType><premis:objectIdentifierValue>urn-3:HUL.DRS.OBJECT:694117</premis:objectIdentifierValue></premis:objectIdentifier><premis:originalName>W00EGS1016973</premis:originalName></premis:object></xmlData></mdWrap></techMD></amdSec><amdSec ID="ID8"><techMD ID="ID9"><mdWrap ID="ID10" MDTYPE="OTHER" OTHERMDTYPE="hulAdmin"><xmlData><hulDrsAdmin:hulDrsAdmin><hulDrsAdmin:drsObject><hulDrsAdmin:adminCategory authorityURI="http://id.lib.harvard.edu" valueURI="http://idtest.lib.harvard.edu:9020/wordshack/adminCategory/78884">Buddhist Digital Resource Center</hulDrsAdmin:adminCategory><hulDrsAdmin:billingCode status="current" creatingAgent="http://idtest.lib.harvard.edu:9020/wordshack/person/78504" createDate="2018-05-01T17:16:45.153Z">FHCL.COLL.TBRC_0001</hulDrsAdmin:billingCode><hulDrsAdmin:captionBehavior>off</hulDrsAdmin:captionBehavior><hulDrsAdmin:contentModelID>CMID-6.0</hulDrsAdmin:contentModelID><hulDrsAdmin:harvardMetadataLinks><hulDrsAdmin:metadataType>Aleph</hulDrsAdmin:metadataType><hulDrsAdmin:displayLabel>HOLLIS</hulDrsAdmin:displayLabel><hulDrsAdmin:metadataIdentifier>14253931</hulDrsAdmin:metadataIdentifier></hulDrsAdmin:harvardMetadataLinks><hulDrsAdmin:insertionDate>2018-05-01T17:51:00.634Z</hulDrsAdmin:insertionDate><hulDrsAdmin:ownerCode status="current" creatingAgent="http://idtest.lib.harvard.edu:9020/wordshack/person/78504" createDate="2018-05-01T17:16:45.153Z">FHCL.COLL</hulDrsAdmin:ownerCode><hulDrsAdmin:ownerSuppliedName>W00EGS1016973</hulDrsAdmin:ownerSuppliedName><hulDrsAdmin:producer authorityURI="http://id.lib.harvard.edu" valueURI="http://idtest.lib.harvard.edu:9020/wordshack/organization/22344">Tibetan Buddhist Resource Center</hulDrsAdmin:producer><hulDrsAdmin:role>DOCUMENTATION</hulDrsAdmin:role><hulDrsAdmin:status>current</hulDrsAdmin:status><hulDrsAdmin:viewText>off</hulDrsAdmin:viewText></hulDrsAdmin:drsObject></hulDrsAdmin:hulDrsAdmin></xmlData></mdWrap></techMD></amdSec><amdSec ID="ID12"><techMD ID="ID13"><mdWrap ID="ID14" MDTYPE="PREMIS:OBJECT"><xmlData><premis:object xsi:type="premis:file"><premis:objectIdentifier><premis:objectIdentifierType>HUL_DRS_FILE_ORACLE</premis:objectIdentifierType><premis:objectIdentifierValue>402043241</premis:objectIdentifierValue></premis:objectIdentifier><premis:objectCharacteristics><premis:compositionLevel>0</premis:compositionLevel><premis:fixity><premis:messageDigestAlgorithm>MD5</premis:messageDigestAlgorithm><premis:messageDigest>e3f2bc4eccf0c5c56cf25250eee820e6</premis:messageDigest><premis:messageDigestOriginator>FITS 1.2.0</premis:messageDigestOriginator></premis:fixity><premis:size>100412</premis:size><premis:format><premis:formatDesignation><premis:formatName>Turtle</premis:formatName></premis:formatDesignation><premis:formatRegistry><premis:formatRegistryName>PRONOM</premis:formatRegistryName><premis:formatRegistryKey>fmt/874</premis:formatRegistryKey></premis:formatRegistry></premis:format><premis:creatingApplication><premis:dateCreatedByApplication>2018-05-01T13:16:33-04:00</premis:dateCreatedByApplication></premis:creatingApplication></premis:objectCharacteristics></premis:object></xmlData></mdWrap></techMD></amdSec><amdSec ID="ID15"><techMD ID="ID16"><mdWrap ID="ID17" MDTYPE="OTHER" OTHERMDTYPE="hulAdmin"><xmlData><hulDrsAdmin:hulDrsAdmin><hulDrsAdmin:drsFile><hulDrsAdmin:accessFlag status="current" creatingAgent="http://idtest.lib.harvard.edu:9020/wordshack/person/78504" createDate="2018-05-01T17:16:45.776Z">P</hulDrsAdmin:accessFlag><hulDrsAdmin:adminFlag status="current" creatingAgent="http://idtest.lib.harvard.edu:9020/wordshack/person/78504" createDate="2018-05-01T17:16:45.778Z"><hulDrsAdmin:flagType authorityURI="http://id.lib.harvard.edu" valueURI="http://idtest.lib.harvard.edu:9020/wordshack/adminFlag/5">FORMAT_ID_CONFLICT</hulDrsAdmin:flagType><hulDrsAdmin:flagNote></hulDrsAdmin:flagNote></hulDrsAdmin:adminFlag><hulDrsAdmin:adminFlag status="current" creatingAgent="http://idtest.lib.harvard.edu:9020/wordshack/person/78504" createDate="2018-05-01T17:16:45.778Z"><hulDrsAdmin:flagType authorityURI="http://id.lib.harvard.edu" valueURI="http://idtest.lib.harvard.edu:9020/wordshack/adminFlag/6">FAILED_METADATA_EXTRACTION</hulDrsAdmin:flagType><hulDrsAdmin:flagNote></hulDrsAdmin:flagNote></hulDrsAdmin:adminFlag><hulDrsAdmin:fileIdentification><fits:identity format="Turtle" mimetype="text/turtle" toolname="FITS" toolversion="1.2.0"><fits:tool toolname="Droid" toolversion="6.3" /><fits:externalIdentifier toolname="Droid" toolversion="6.3" type="puid">fmt/874</fits:externalIdentifier></fits:identity><fits:identity format="Plain text" mimetype="text/plain" toolname="FITS" toolversion="1.2.0"><fits:tool toolname="Jhove" toolversion="1.16" /><fits:tool toolname="file utility" toolversion="5.31" /></fits:identity></hulDrsAdmin:fileIdentification><hulDrsAdmin:insertionDate>2018-05-01T17:51:00.698Z</hulDrsAdmin:insertionDate><hulDrsAdmin:isFirstGenerationInDrs>yes</hulDrsAdmin:isFirstGenerationInDrs><hulDrsAdmin:isPreferredDeliverableSource>unspecified</hulDrsAdmin:isPreferredDeliverableSource><hulDrsAdmin:ownerSuppliedName>outline</hulDrsAdmin:ownerSuppliedName><hulDrsAdmin:producer authorityURI="http://id.lib.harvard.edu" valueURI="http://idtest.lib.harvard.edu:9020/wordshack/organization/22344">Tibetan Buddhist Resource Center</hulDrsAdmin:producer><hulDrsAdmin:status>current</hulDrsAdmin:status><hulDrsAdmin:suppliedFilename>W00EGS1016973--outline.ttl</hulDrsAdmin:suppliedFilename><hulDrsAdmin:suppliedDirectory>textoutline/</hulDrsAdmin:suppliedDirectory><hulDrsAdmin:URI><hulDrsAdmin:uriType>FDS</hulDrsAdmin:uriType><hulDrsAdmin:uriValue>urn-3:FHCL:694120</hulDrsAdmin:uriValue></hulDrsAdmin:URI><hulDrsAdmin:usageClass>LOWUSE</hulDrsAdmin:usageClass></hulDrsAdmin:drsFile></hulDrsAdmin:hulDrsAdmin></xmlData></mdWrap></techMD></amdSec><amdSec ID="ID20"><digiprovMD ID="ID21"><mdWrap ID="ID22" MDTYPE="PREMIS:AGENT"><xmlData><premis:agent><premis:agentIdentifier><premis:agentIdentifierType>http://id.lib.harvard.edu</premis:agentIdentifierType><premis:agentIdentifierValue>http://idtest.lib.harvard.edu:9020/wordshack/software/78564</premis:agentIdentifierValue></premis:agentIdentifier><premis:agentName>Batch Builder/2.2.13</premis:agentName></premis:agent></xmlData></mdWrap></digiprovMD></amdSec><amdSec ID="ID26"><digiprovMD ID="ID27"><mdWrap ID="ID28" MDTYPE="PREMIS:AGENT"><xmlData><premis:agent><premis:agentIdentifier><premis:agentIdentifierType>http://id.lib.harvard.edu</premis:agentIdentifierType><premis:agentIdentifierValue>http://idtest.lib.harvard.edu:9020/wordshack/software/78784</premis:agentIdentifierValue></premis:agentIdentifier><premis:agentName>DRS2 Services/2.17.2</premis:agentName></premis:agent></xmlData></mdWrap></digiprovMD></amdSec><amdSec ID="ID29"><digiprovMD ID="ID30"><mdWrap ID="ID31" MDTYPE="PREMIS:AGENT"><xmlData><premis:agent><premis:agentIdentifier><premis:agentIdentifierType>http://id.lib.harvard.edu</premis:agentIdentifierType><premis:agentIdentifierValue>http://idtest.lib.harvard.edu:9020/wordshack/person/78504</premis:agentIdentifierValue></premis:agentIdentifier><premis:agentName>Katz, James</premis:agentName></premis:agent></xmlData></mdWrap></digiprovMD></amdSec><amdSec ID="ID32"><digiprovMD ID="ID33"><mdWrap ID="ID34" MDTYPE="PREMIS:EVENT"><xmlData><premis:event><premis:eventIdentifier><premis:eventIdentifierType>HUL_DRS</premis:eventIdentifierType><premis:eventIdentifierValue>2162034</premis:eventIdentifierValue></premis:eventIdentifier><premis:eventType>OBJECT_INGEST</premis:eventType><premis:eventDateTime>2018-05-01T13:51:00-04:00</premis:eventDateTime><premis:eventOutcomeInformation><premis:eventOutcome>Ingested</premis:eventOutcome><premis:eventOutcomeDetail><premis:eventOutcomeDetailExtension><hulDrsBatch:hulDrsBatch><hulDrsBatch:batchId>778017</hulDrsBatch:batchId><hulDrsBatch:batchName>FHCL.COLL_outlineW00EGS1016973_20180501_131645</hulDrsBatch:batchName><hulDrsBatch:batchDirectoryName>outlineW00EGS1016973</hulDrsBatch:batchDirectoryName><hulDrsBatch:loadStartTime>2018-05-01T17:51:00.0Z</hulDrsBatch:loadStartTime></hulDrsBatch:hulDrsBatch></premis:eventOutcomeDetailExtension></premis:eventOutcomeDetail></premis:eventOutcomeInformation><premis:linkingAgentIdentifier><premis:linkingAgentIdentifierType>http://id.lib.harvard.edu</premis:linkingAgentIdentifierType><premis:linkingAgentIdentifierValue>http://idtest.lib.harvard.edu:9020/wordshack/software/78564</premis:linkingAgentIdentifierValue><premis:linkingAgentRole>software</premis:linkingAgentRole></premis:linkingAgentIdentifier><premis:linkingAgentIdentifier><premis:linkingAgentIdentifierType>http://id.lib.harvard.edu</premis:linkingAgentIdentifierType><premis:linkingAgentIdentifierValue>http://idtest.lib.harvard.edu:9020/wordshack/person/78504</premis:linkingAgentIdentifierValue><premis:linkingAgentRole>person</premis:linkingAgentRole></premis:linkingAgentIdentifier><premis:linkingAgentIdentifier><premis:linkingAgentIdentifierType>http://id.lib.harvard.edu</premis:linkingAgentIdentifierType><premis:linkingAgentIdentifierValue>http://idtest.lib.harvard.edu:9020/wordshack/software/78784</premis:linkingAgentIdentifierValue><premis:linkingAgentRole>software</premis:linkingAgentRole></premis:linkingAgentIdentifier><premis:linkingObjectIdentifier><premis:linkingObjectIdentifierType>HUL_DRS_OBJECT_ORACLE</premis:linkingObjectIdentifierType><premis:linkingObjectIdentifierValue>402043239</premis:linkingObjectIdentifierValue></premis:linkingObjectIdentifier><premis:linkingObjectIdentifier><premis:linkingObjectIdentifierType>HUL_DRS_DESCRIPTOR_ORACLE</premis:linkingObjectIdentifierType><premis:linkingObjectIdentifierValue>402043240</premis:linkingObjectIdentifierValue></premis:linkingObjectIdentifier><premis:linkingObjectIdentifier><premis:linkingObjectIdentifierType>HUL_DRS_FILE_ORACLE</premis:linkingObjectIdentifierType><premis:linkingObjectIdentifierValue>402043241</premis:linkingObjectIdentifierValue></premis:linkingObjectIdentifier></premis:event></xmlData></mdWrap></digiprovMD></amdSec><fileSec><fileGrp ID="ID11" USE="text-turtle"><file ID="ID18" ADMID="ID15 ID12 ID33" MIMETYPE="text/turtle"><FLocat ID="ID19" LOCTYPE="OTHER" OTHERLOCTYPE="HUL_DRS_FILE_ORACLE" xlink:href="402043241" /></file></fileGrp></fileSec><structMap ID="ID23"><div ID="ID24" DMDID="ID3"><fptr ID="ID25" FILEID="ID18" /></div></structMap></mets>