<?xml version='1.0' encoding='UTF-8'?><mets xmlns:mods="http://www.loc.gov/mods/v3" xmlns:fits="http://hul.harvard.edu/ois/xml/ns/fits/fits_output" xmlns="http://www.loc.gov/METS/" xmlns:hulDrsAdmin="http://hul.harvard.edu/ois/xml/ns/hulDrsAdmin" xmlns:premis="info:lc/xmlns/premis-v2" xmlns:xlink="http://www.w3.org/1999/xlink" xmlns:hulDrsBatch="http://hul.harvard.edu/ois/xml/ns/hulDrsBatch" xmlns:xsi="http://www.w3.org/2001/XMLSchema-instance" xsi:schemaLocation="http://www.loc.gov/mods/v3 http://www.loc.gov/standards/mods/v3/mods-3-5.xsd http://hul.harvard.edu/ois/xml/ns/fits/fits_output http://hul.harvard.edu/ois/xml/xsd/fits/fits_output.xsd http://www.loc.gov/METS/ http://www.loc.gov/standards/mets/mets.xsd http://hul.harvard.edu/ois/xml/ns/hulDrsAdmin http://hul.harvard.edu/ois/xml/xsd/drs/hulDrsAdmin.xsd info:lc/xmlns/premis-v2 http://www.loc.gov/standards/premis/premis.xsd http://hul.harvard.edu/ois/xml/ns/hulDrsBatch http://hul.harvard.edu/ois/xml/xsd/drs/hulDrsBatch.xsd" TYPE="TEXT" PROFILE="HUL" OBJID="urn-3:HUL.DRS.OBJECT:694166"><metsHdr ID="ID1" ADMID="ID5 ID8 ID32" CREATEDATE="2018-05-01T17:22:11.395Z" LASTMODDATE="2018-05-01T17:54:01.175Z"><agent ID="ID2" ROLE="CREATOR" TYPE="ORGANIZATION"><name>Harvard University Library</name></agent></metsHdr><dmdSec ID="ID3"><mdWrap ID="ID4" MDTYPE="MODS"><xmlData><mods:mods version="3.5"><mods:titleInfo><mods:title>dpal ldan bshad pa'i rgyud kyi 'grel pa bklags pa'i don thams cad grub pa'i 'grel chen dri med kun gsal</mods:title></mods:titleInfo><mods:titleInfo><mods:title>དཔལ་ལྡན་བཤད་པའི་རྒྱུད་ཀྱི་འགྲེལ་པ་བཀླགས་པའི་དོན་ཐམས་ཅད་གྲུབ་པའི་འགྲེལ་ཆེན་དྲི་མེད་ཀུན་གསལ</mods:title></mods:titleInfo><mods:titleInfo type="alternative"><mods:title>yi xue zhu shi wu gou ming shi</mods:title></mods:titleInfo><mods:name type="personal"><mods:namePart>bsod nams ye shes rgyal mtshan/ rin spungs pa'i bla sman bsod nams ye shes rgyal mtshan, 14uu.</mods:namePart><mods:role><mods:roleTerm type="text">author</mods:roleTerm></mods:role></mods:name><mods:typeOfResource>text</mods:typeOfResource><mods:originInfo><mods:place><mods:placeTerm authority="marccountry" type="code">cc^</mods:placeTerm></mods:place><mods:place><mods:placeTerm type="text">Pe cin</mods:placeTerm></mods:place><mods:publisher>Mi rigs dpe skrun khang</mods:publisher><mods:dateIssued>2006</mods:dateIssued><mods:edition>par gzhi 1.</mods:edition><mods:issuance>monographic</mods:issuance></mods:originInfo><mods:language><mods:languageTerm authority="iso639-2b" type="code">tib</mods:languageTerm></mods:language><mods:physicalDescription><mods:form authority="gmd">electronic resource</mods:form><mods:extent>3, 4, 3, 2, 2, 608 p.</mods:extent></mods:physicalDescription><mods:abstract type="Summary">Sixteenth century commentary on the second of the Four Medical Tantras (rgyud bzhi). Written by Sonam Yeshe Gyaltsen, the court physician of the Rinpung rulers and son of Lhatsun Tashi Pelzang.</mods:abstract><mods:accessCondition type="restriction on access">Open Access.</mods:accessCondition><mods:note type="language">In Tibetan</mods:note><mods:subject><mods:topic>sman/</mods:topic></mods:subject><mods:subject><mods:topic>rgyud bzhi : bshad rgyud/</mods:topic></mods:subject><mods:subject><mods:topic>'grel pa/</mods:topic></mods:subject><mods:relatedItem type="series"><mods:titleInfo><mods:title>bod kyi gso ba rig pa'i gna' dpe phyogs bsgrigs dpe tshogs ; 039</mods:title></mods:titleInfo></mods:relatedItem><mods:identifier invalid="yes" type="isbn">7105076917</mods:identifier><mods:recordInfo><mods:descriptionStandard>aacr</mods:descriptionStandard><mods:recordContentSource authority="marcorg">MaCbTBRC</mods:recordContentSource><mods:recordCreationDate encoding="marc">^^^^^^</mods:recordCreationDate><mods:recordChangeDate encoding="iso8601">20141217022714.0</mods:recordChangeDate><mods:recordIdentifier>014254020-X</mods:recordIdentifier><mods:recordOrigin>Converted from MARCXML to MODS version 3.5 using MARC21slim2MODS3-5-MHpatch1.xsl (Revision 1.102 2014/10/30) Library Technology Services, Harvard University</mods:recordOrigin></mods:recordInfo><mods:location><mods:physicalLocation>NET</mods:physicalLocation></mods:location></mods:mods></xmlData></mdWrap></dmdSec><amdSec ID="ID5"><techMD ID="ID6"><mdWrap ID="ID7" MDTYPE="PREMIS:OBJECT"><xmlData><premis:object xsi:type="premis:representation"><premis:objectIdentifier><premis:objectIdentifierType>HUL_DRS_OBJECT_ORACLE</premis:objectIdentifierType><premis:objectIdentifierValue>402043314</premis:objectIdentifierValue></premis:objectIdentifier><premis:objectIdentifier><premis:objectIdentifierType>HUL_DRS_DESCRIPTOR_ORACLE</premis:objectIdentifierType><premis:objectIdentifierValue>402043315</premis:objectIdentifierValue></premis:objectIdentifier><premis:objectIdentifier><premis:objectIdentifierType>HUL_DRS_OBJECT_URN</premis:objectIdentifierType><premis:objectIdentifierValue>urn-3:HUL.DRS.OBJECT:694166</premis:objectIdentifierValue></premis:objectIdentifier><premis:originalName>W00EGS1017511</premis:originalName></premis:object></xmlData></mdWrap></techMD></amdSec><amdSec ID="ID8"><techMD ID="ID9"><mdWrap ID="ID10" MDTYPE="OTHER" OTHERMDTYPE="hulAdmin"><xmlData><hulDrsAdmin:hulDrsAdmin><hulDrsAdmin:drsObject><hulDrsAdmin:adminCategory authorityURI="http://id.lib.harvard.edu" valueURI="http://idtest.lib.harvard.edu:9020/wordshack/adminCategory/78884">Buddhist Digital Resource Center</hulDrsAdmin:adminCategory><hulDrsAdmin:billingCode status="current" creatingAgent="http://idtest.lib.harvard.edu:9020/wordshack/person/78504" createDate="2018-05-01T17:22:11.991Z">FHCL.COLL.TBRC_0001</hulDrsAdmin:billingCode><hulDrsAdmin:captionBehavior>off</hulDrsAdmin:captionBehavior><hulDrsAdmin:contentModelID>CMID-6.0</hulDrsAdmin:contentModelID><hulDrsAdmin:harvardMetadataLinks><hulDrsAdmin:metadataType>Aleph</hulDrsAdmin:metadataType><hulDrsAdmin:displayLabel>HOLLIS</hulDrsAdmin:displayLabel><hulDrsAdmin:metadataIdentifier>14254020</hulDrsAdmin:metadataIdentifier></hulDrsAdmin:harvardMetadataLinks><hulDrsAdmin:insertionDate>2018-05-01T17:54:00.847Z</hulDrsAdmin:insertionDate><hulDrsAdmin:ownerCode status="current" creatingAgent="http://idtest.lib.harvard.edu:9020/wordshack/person/78504" createDate="2018-05-01T17:22:11.991Z">FHCL.COLL</hulDrsAdmin:ownerCode><hulDrsAdmin:ownerSuppliedName>W00EGS1017511</hulDrsAdmin:ownerSuppliedName><hulDrsAdmin:producer authorityURI="http://id.lib.harvard.edu" valueURI="http://idtest.lib.harvard.edu:9020/wordshack/organization/22344">Tibetan Buddhist Resource Center</hulDrsAdmin:producer><hulDrsAdmin:role>DOCUMENTATION</hulDrsAdmin:role><hulDrsAdmin:status>current</hulDrsAdmin:status><hulDrsAdmin:viewText>off</hulDrsAdmin:viewText></hulDrsAdmin:drsObject></hulDrsAdmin:hulDrsAdmin></xmlData></mdWrap></techMD></amdSec><amdSec ID="ID12"><techMD ID="ID13"><mdWrap ID="ID14" MDTYPE="PREMIS:OBJECT"><xmlData><premis:object xsi:type="premis:file"><premis:objectIdentifier><premis:objectIdentifierType>HUL_DRS_FILE_ORACLE</premis:objectIdentifierType><premis:objectIdentifierValue>402043316</premis:objectIdentifierValue></premis:objectIdentifier><premis:objectCharacteristics><premis:compositionLevel>0</premis:compositionLevel><premis:fixity><premis:messageDigestAlgorithm>MD5</premis:messageDigestAlgorithm><premis:messageDigest>8ec435b38bfadb969e6275dff13685b0</premis:messageDigest><premis:messageDigestOriginator>FITS 1.2.0</premis:messageDigestOriginator></premis:fixity><premis:size>48908</premis:size><premis:format><premis:formatDesignation><premis:formatName>Turtle</premis:formatName></premis:formatDesignation><premis:formatRegistry><premis:formatRegistryName>PRONOM</premis:formatRegistryName><premis:formatRegistryKey>fmt/874</premis:formatRegistryKey></premis:formatRegistry></premis:format><premis:creatingApplication><premis:dateCreatedByApplication>2018-05-01T13:22:01-04:00</premis:dateCreatedByApplication></premis:creatingApplication></premis:objectCharacteristics></premis:object></xmlData></mdWrap></techMD></amdSec><amdSec ID="ID15"><techMD ID="ID16"><mdWrap ID="ID17" MDTYPE="OTHER" OTHERMDTYPE="hulAdmin"><xmlData><hulDrsAdmin:hulDrsAdmin><hulDrsAdmin:drsFile><hulDrsAdmin:accessFlag status="current" creatingAgent="http://idtest.lib.harvard.edu:9020/wordshack/person/78504" createDate="2018-05-01T17:22:12.422Z">P</hulDrsAdmin:accessFlag><hulDrsAdmin:adminFlag status="current" creatingAgent="http://idtest.lib.harvard.edu:9020/wordshack/person/78504" createDate="2018-05-01T17:22:12.424Z"><hulDrsAdmin:flagType authorityURI="http://id.lib.harvard.edu" valueURI="http://idtest.lib.harvard.edu:9020/wordshack/adminFlag/5">FORMAT_ID_CONFLICT</hulDrsAdmin:flagType><hulDrsAdmin:flagNote></hulDrsAdmin:flagNote></hulDrsAdmin:adminFlag><hulDrsAdmin:adminFlag status="current" creatingAgent="http://idtest.lib.harvard.edu:9020/wordshack/person/78504" createDate="2018-05-01T17:22:12.424Z"><hulDrsAdmin:flagType authorityURI="http://id.lib.harvard.edu" valueURI="http://idtest.lib.harvard.edu:9020/wordshack/adminFlag/6">FAILED_METADATA_EXTRACTION</hulDrsAdmin:flagType><hulDrsAdmin:flagNote></hulDrsAdmin:flagNote></hulDrsAdmin:adminFlag><hulDrsAdmin:fileIdentification><fits:identity format="Turtle" mimetype="text/turtle" toolname="FITS" toolversion="1.2.0"><fits:tool toolname="Droid" toolversion="6.3" /><fits:externalIdentifier toolname="Droid" toolversion="6.3" type="puid">fmt/874</fits:externalIdentifier></fits:identity><fits:identity format="Plain text" mimetype="text/plain" toolname="FITS" toolversion="1.2.0"><fits:tool toolname="Jhove" toolversion="1.16" /><fits:tool toolname="file utility" toolversion="5.31" /></fits:identity></hulDrsAdmin:fileIdentification><hulDrsAdmin:insertionDate>2018-05-01T17:54:00.928Z</hulDrsAdmin:insertionDate><hulDrsAdmin:isFirstGenerationInDrs>yes</hulDrsAdmin:isFirstGenerationInDrs><hulDrsAdmin:isPreferredDeliverableSource>unspecified</hulDrsAdmin:isPreferredDeliverableSource><hulDrsAdmin:ownerSuppliedName>outline</hulDrsAdmin:ownerSuppliedName><hulDrsAdmin:producer authorityURI="http://id.lib.harvard.edu" valueURI="http://idtest.lib.harvard.edu:9020/wordshack/organization/22344">Tibetan Buddhist Resource Center</hulDrsAdmin:producer><hulDrsAdmin:status>current</hulDrsAdmin:status><hulDrsAdmin:suppliedFilename>W00EGS1017511--outline.ttl</hulDrsAdmin:suppliedFilename><hulDrsAdmin:suppliedDirectory>textoutline/</hulDrsAdmin:suppliedDirectory><hulDrsAdmin:URI><hulDrsAdmin:uriType>FDS</hulDrsAdmin:uriType><hulDrsAdmin:uriValue>urn-3:FHCL:694169</hulDrsAdmin:uriValue></hulDrsAdmin:URI><hulDrsAdmin:usageClass>LOWUSE</hulDrsAdmin:usageClass></hulDrsAdmin:drsFile></hulDrsAdmin:hulDrsAdmin></xmlData></mdWrap></techMD></amdSec><amdSec ID="ID20"><digiprovMD ID="ID21"><mdWrap ID="ID22" MDTYPE="PREMIS:AGENT"><xmlData><premis:agent><premis:agentIdentifier><premis:agentIdentifierType>http://id.lib.harvard.edu</premis:agentIdentifierType><premis:agentIdentifierValue>http://idtest.lib.harvard.edu:9020/wordshack/software/78564</premis:agentIdentifierValue></premis:agentIdentifier><premis:agentName>Batch Builder/2.2.13</premis:agentName></premis:agent></xmlData></mdWrap></digiprovMD></amdSec><amdSec ID="ID26"><digiprovMD ID="ID27"><mdWrap ID="ID28" MDTYPE="PREMIS:AGENT"><xmlData><premis:agent><premis:agentIdentifier><premis:agentIdentifierType>http://id.lib.harvard.edu</premis:agentIdentifierType><premis:agentIdentifierValue>http://idtest.lib.harvard.edu:9020/wordshack/software/78784</premis:agentIdentifierValue></premis:agentIdentifier><premis:agentName>DRS2 Services/2.17.2</premis:agentName></premis:agent></xmlData></mdWrap></digiprovMD></amdSec><amdSec ID="ID29"><digiprovMD ID="ID30"><mdWrap ID="ID31" MDTYPE="PREMIS:AGENT"><xmlData><premis:agent><premis:agentIdentifier><premis:agentIdentifierType>http://id.lib.harvard.edu</premis:agentIdentifierType><premis:agentIdentifierValue>http://idtest.lib.harvard.edu:9020/wordshack/person/78504</premis:agentIdentifierValue></premis:agentIdentifier><premis:agentName>Katz, James</premis:agentName></premis:agent></xmlData></mdWrap></digiprovMD></amdSec><amdSec ID="ID32"><digiprovMD ID="ID33"><mdWrap ID="ID34" MDTYPE="PREMIS:EVENT"><xmlData><premis:event><premis:eventIdentifier><premis:eventIdentifierType>HUL_DRS</premis:eventIdentifierType><premis:eventIdentifierValue>2162059</premis:eventIdentifierValue></premis:eventIdentifier><premis:eventType>OBJECT_INGEST</premis:eventType><premis:eventDateTime>2018-05-01T13:54:01-04:00</premis:eventDateTime><premis:eventOutcomeInformation><premis:eventOutcome>Ingested</premis:eventOutcome><premis:eventOutcomeDetail><premis:eventOutcomeDetailExtension><hulDrsBatch:hulDrsBatch><hulDrsBatch:batchId>778041</hulDrsBatch:batchId><hulDrsBatch:batchName>FHCL.COLL_outlineW00EGS1017511_20180501_132212</hulDrsBatch:batchName><hulDrsBatch:batchDirectoryName>outlineW00EGS1017511</hulDrsBatch:batchDirectoryName><hulDrsBatch:loadStartTime>2018-05-01T17:54:01.0Z</hulDrsBatch:loadStartTime></hulDrsBatch:hulDrsBatch></premis:eventOutcomeDetailExtension></premis:eventOutcomeDetail></premis:eventOutcomeInformation><premis:linkingAgentIdentifier><premis:linkingAgentIdentifierType>http://id.lib.harvard.edu</premis:linkingAgentIdentifierType><premis:linkingAgentIdentifierValue>http://idtest.lib.harvard.edu:9020/wordshack/software/78564</premis:linkingAgentIdentifierValue><premis:linkingAgentRole>software</premis:linkingAgentRole></premis:linkingAgentIdentifier><premis:linkingAgentIdentifier><premis:linkingAgentIdentifierType>http://id.lib.harvard.edu</premis:linkingAgentIdentifierType><premis:linkingAgentIdentifierValue>http://idtest.lib.harvard.edu:9020/wordshack/person/78504</premis:linkingAgentIdentifierValue><premis:linkingAgentRole>person</premis:linkingAgentRole></premis:linkingAgentIdentifier><premis:linkingAgentIdentifier><premis:linkingAgentIdentifierType>http://id.lib.harvard.edu</premis:linkingAgentIdentifierType><premis:linkingAgentIdentifierValue>http://idtest.lib.harvard.edu:9020/wordshack/software/78784</premis:linkingAgentIdentifierValue><premis:linkingAgentRole>software</premis:linkingAgentRole></premis:linkingAgentIdentifier><premis:linkingObjectIdentifier><premis:linkingObjectIdentifierType>HUL_DRS_OBJECT_ORACLE</premis:linkingObjectIdentifierType><premis:linkingObjectIdentifierValue>402043314</premis:linkingObjectIdentifierValue></premis:linkingObjectIdentifier><premis:linkingObjectIdentifier><premis:linkingObjectIdentifierType>HUL_DRS_DESCRIPTOR_ORACLE</premis:linkingObjectIdentifierType><premis:linkingObjectIdentifierValue>402043315</premis:linkingObjectIdentifierValue></premis:linkingObjectIdentifier><premis:linkingObjectIdentifier><premis:linkingObjectIdentifierType>HUL_DRS_FILE_ORACLE</premis:linkingObjectIdentifierType><premis:linkingObjectIdentifierValue>402043316</premis:linkingObjectIdentifierValue></premis:linkingObjectIdentifier></premis:event></xmlData></mdWrap></digiprovMD></amdSec><fileSec><fileGrp ID="ID11" USE="text-turtle"><file ID="ID18" ADMID="ID15 ID12 ID33" MIMETYPE="text/turtle"><FLocat ID="ID19" LOCTYPE="OTHER" OTHERLOCTYPE="HUL_DRS_FILE_ORACLE" xlink:href="402043316" /></file></fileGrp></fileSec><structMap ID="ID23"><div ID="ID24" DMDID="ID3"><fptr ID="ID25" FILEID="ID18" /></div></structMap></mets>