88,W00CHZ0103335
42,W00CHZ0103340
5,W00CHZ0103341
106,W00CHZ0103342
7,W00CHZ0103343
6,W00CHZ0103344
45,W00CHZ0103345
136,W00EGS1015752
4,W00EGS1016181
3,W00EGS1016199
6,W00EGS1016202
164,W00EGS1016213
14,W00EGS1016236
322,W00EGS1016238
293,W00EGS1016240
30,W00EGS1016242
754,W00EGS1016244
354,W00EGS1016246
157,W00EGS1016248
10,W00EGS1016251
1961,W00EGS1016253
21,W00EGS1016255
96,W00EGS1016257
2,W00EGS1016259
31,W00EGS1016261
32,W00EGS1016263
48,W00EGS1016265
7,W00EGS1016267
102,W00EGS1016269
20,W00EGS1016271
97,W00EGS1016273
27,W00EGS1016276
11,W00EGS1016278
28,W00EGS1016280
24,W00EGS1016282
6,W00EGS1016284
10,W00EGS1016286
46,W00EGS1016288
17,W00EGS1016290
53,W00EGS1016292
9,W00EGS1016294
62,W00EGS1016296
2089,W00EGS1016299
18,W00EGS1016612
27,W00EGS1016615
93,W00EGS1016620
6,W00EGS1016622
621,W00EGS1016625
46,W00EGS1016676
38,W00EGS1016678
68,W00EGS1016680
28,W00EGS1016682
47,W00EGS1016684
65,W00EGS1016686
12,W00EGS1016689
22,W00EGS1016695
12,W00EGS1016699
28,W00EGS1016701
744,W00EGS1016703
32,W00EGS1016705
37,W00EGS1016707
17,W00EGS1016709
69,W00EGS1016711
5,W00EGS1016713
5,W00EGS1016717
2,W00EGS1016719
51,W00EGS1016722
44,W00EGS1016725
107,W00EGS1016728
743,W00EGS1016731
62,W00EGS1016733
82,W00EGS1016735
864,W00EGS1016737
1177,W00EGS1016740
3,W00EGS1016743
12,W00EGS1016745
36,W00EGS1016747
17,W00EGS1016750
17,W00EGS1016752
52,W00EGS1016755
10,W00EGS1016757
65,W00EGS1016759
60,W00EGS1016761
5,W00EGS1016764
87,W00EGS1016766
86,W00EGS1016768
11,W00EGS1016770
59,W00EGS1016772
5,W00EGS1016774
15,W00EGS1016776
12,W00EGS1016780
78,W00EGS1016782
29,W00EGS1016784
21,W00EGS1016787
4,W00EGS1016789
463,W00EGS1016791
9,W00EGS1016793
3,W00EGS1016795
18,W00EGS1016798
39,W00EGS1016800
50,W00EGS1016802
28,W00EGS1016804
501,W00EGS1016835
1523,W00EGS1016899
48,W00EGS1016924
91,W00EGS1016925
40,W00EGS1016927
101,W00EGS1016928
113,W00EGS1016929
7,W00EGS1016931
49,W00EGS1016933
45,W00EGS1016935
35,W00EGS1016937
28,W00EGS1016940
28,W00EGS1016941
36,W00EGS1016943
38,W00EGS1016947
34,W00EGS1016949
105,W00EGS1016950
147,W00EGS1016951
68,W00EGS1016952
167,W00EGS1016954
94,W00EGS1016955
26,W00EGS1016956
26,W00EGS1016958
230,W00EGS1016959
36,W00EGS1016960
34,W00EGS1016962
216,W00EGS1016963
38,W00EGS1016968
50,W00EGS1016969
58,W00EGS1016971
60,W00EGS1016972
76,W00EGS1016973
79,W00EGS1016980
240,W00EGS1016981
24,W00EGS1016982
24,W00EGS1016983
31,W00EGS1016984
29,W00EGS1016988
47,W00EGS1016994
26,W00EGS1016999
28,W00EGS1017004
39,W00EGS1017007
161,W00EGS1017010
15,W00EGS1017014
69,W00EGS1017022
53,W00EGS1017030
83,W00EGS1017033
27,W00EGS1017037
28,W00EGS1017040
30,W00EGS1017042
33,W00EGS1017043
9,W00EGS1017048
14,W00EGS1017051
11,W00EGS1017054
6,W00EGS1017059
16,W00EGS1017063
14,W00EGS1017066
28,W00EGS1017069
13,W00EGS1017070
79,W00EGS1017077
243,W00EGS1017082
62,W00EGS1017093
439,W00EGS1017102
172,W00EGS1017117
822,W00EGS1017120
73,W00EGS1017123
351,W00EGS1017126
54,W00EGS1017133
44,W00EGS1017134
67,W00EGS1017136
30,W00EGS1017144
31,W00EGS1017147
34,W00EGS1017150
1198,W00EGS1017151
123,W00EGS1017157
42,W00EGS1017165
28,W00EGS1017169
157,W00EGS1017172
125,W00EGS1017177
38,W00EGS1017181
67,W00EGS1017184
14,W00EGS1017186
104,W00EGS1017193
195,W00EGS1017196
14,W00EGS1017203
102,W00EGS1017210
81,W00EGS1017214
18,W00EGS1017219
24,W00EGS1017241
418,W00EGS1017245
53,W00EGS1017287
104,W00EGS1017292
47,W00EGS1017300
21,W00EGS1017303
18,W00EGS1017306
8,W00EGS1017310
88,W00EGS1017313
123,W00EGS1017316
93,W00EGS1017319
81,W00EGS1017322
65,W00EGS1017328
55,W00EGS1017331
207,W00EGS1017334
37,W00EGS1017337
58,W00EGS1017341
118,W00EGS1017345
138,W00EGS1017349
49,W00EGS1017352
98,W00EGS1017357
4230,W00EGS1017359
28,W00EGS1017362
9,W00EGS1017393
5,W00EGS1017396
291,W00EGS1017401
122,W00EGS1017419
48,W00EGS1017421
21,W00EGS1017422
249,W00EGS1017426
11,W00EGS1017462
31,W00EGS1017463
12,W00EGS1017511
119,W00EGS1017555
12,W00EGS1017628
122,W00EGS1017690
8,W00EGS1017863
9,W00EGS1018126
25,W00EGS1018179
53,W00JR1718
18,W00JR585
191436,W00JW501203
6,W00KG01
177,W00KG010083
320,W00KG010084
21,W00KG010085
32,W00KG010089
464,W00KG010090
16,W00KG010260
158,W00KG010265
188,W00KG010266
296,W00KG010269
633,W00KG01048
8,W00KG01061
4,W00KG01062
4,W00KG01063
137,W00KG013
11,W00KG01502
56,W00KG01503
1,W00KG01504
0,W00KG01505
1,W00KG01506
0,W00KG01507
1,W00KG01508
3,W00KG01509
3,W00KG01510
3,W00KG01511
5,W00KG01512
5,W00KG01513
3,W00KG01514
6,W00KG01515
14,W00KG01516
5,W00KG01517
6,W00KG01518
6,W00KG01519
6,W00KG01520
6,W00KG01521
37,W00KG01522
2,W00KG01583
1,W00KG01584
1,W00KG01585
1,W00KG01586
1,W00KG01587
2,W00KG01588
0,W00KG01589
0,W00KG01590
2,W00KG01591
1,W00KG01592
2,W00KG01593
4,W00KG01594
5,W00KG01595
1,W00KG01596
1,W00KG01597
0,W00KG01598
0,W00KG01599
13,W00KG016
2,W00KG01600
3,W00KG01601
8,W00KG01602
1,W00KG01603
0,W00KG01604
2,W00KG01605
0,W00KG01606
1,W00KG01607
0,W00KG01608
0,W00KG01609
11,W00KG01610
2,W00KG01613
1,W00KG01614
0,W00KG01615
1,W00KG01616
1,W00KG01617
2,W00KG01618
1,W00KG01619
0,W00KG01620
1,W00KG01621
0,W00KG01622
0,W00KG01623
4,W00KG01624
2,W00KG01625
0,W00KG01626
3,W00KG01627
0,W00KG01628
3,W00KG01629
3,W00KG01630
2,W00KG01631
2,W00KG01632
0,W00KG01633
3,W00KG01634
2,W00KG01635
1,W00KG01636
0,W00KG01637
4,W00KG01638
1,W00KG01639
1,W00KG01640
1,W00KG01641
5,W00KG01642
3,W00KG01643
1,W00KG01644
1,W00KG01645
1,W00KG01646
1,W00KG01647
1,W00KG01648
5,W00KG01649
17,W00KG01650
2,W00KG01651
8,W00KG01652
1,W00KG01653
0,W00KG01654
5,W00KG01655
3,W00KG01656
2,W00KG01657
3,W00KG01658
19,W00KG01659
740,W00KG01660
5,W00KG01661
3,W00KG01662
5,W00KG01663
3,W00KG01664
3,W00KG01665
3,W00KG01666
52,W00KG017
54,W00KG018
208,W00KG02
2,W00KG02329
4,W00KG02330
3,W00KG02331
4,W00KG02333
8,W00KG02334
5,W00KG02353
102,W00KG02358
116,W00KG02390
45,W00KG02530
87,W00KG02531
5,W00KG02532
63,W00KG02533
2,W00KG02534
0,W00KG02535
0,W00KG02536
4,W00KG02537
0,W00KG02538
0,W00KG02539
2,W00KG02540
1,W00KG02541
2,W00KG02542
2,W00KG02543
0,W00KG02544
1,W00KG02545
1,W00KG02546
1,W00KG02547
0,W00KG02548
0,W00KG02549
1,W00KG02550
1,W00KG02551
0,W00KG02552
0,W00KG02553
2,W00KG02554
0,W00KG02555
0,W00KG02556
0,W00KG02557
2,W00KG02558
0,W00KG02559
1,W00KG02560
1,W00KG02561
1,W00KG02562
1,W00KG02563
1,W00KG02564
1,W00KG02565
1,W00KG02566
1,W00KG02567
3,W00KG02568
1,W00KG02569
1,W00KG02570
1,W00KG02571
1,W00KG02572
0,W00KG02573
0,W00KG02574
1,W00KG02575
0,W00KG02576
0,W00KG02577
0,W00KG02578
0,W00KG02579
0,W00KG02581
0,W00KG02582
0,W00KG02583
1,W00KG02584
1,W00KG02585
0,W00KG02586
1,W00KG02587
0,W00KG02588
3,W00KG02589
1,W00KG02590
0,W00KG02591
1,W00KG02592
1,W00KG02593
0,W00KG02594
1,W00KG02595
0,W00KG02596
0,W00KG02597
0,W00KG02598
0,W00KG02599
0,W00KG02600
0,W00KG02601
0,W00KG02602
0,W00KG02603
1,W00KG02604
0,W00KG02605
0,W00KG02606
0,W00KG02607
0,W00KG02608
0,W00KG02609
0,W00KG02610
1,W00KG02611
1,W00KG02612
1,W00KG02613
0,W00KG02614
0,W00KG02615
0,W00KG02616
0,W00KG02617
1,W00KG02618
0,W00KG02619
0,W00KG02620
3,W00KG02621
0,W00KG02622
0,W00KG02623
0,W00KG02624
0,W00KG02625
0,W00KG02626
0,W00KG02627
0,W00KG02628
0,W00KG02629
1,W00KG02630
4,W00KG02631
0,W00KG02632
1,W00KG02633
0,W00KG02634
0,W00KG02635
0,W00KG02636
1,W00KG02637
1,W00KG02638
1,W00KG02639
0,W00KG02640
0,W00KG02641
1,W00KG02642
4,W00KG02643
3,W00KG02644
0,W00KG02645
0,W00KG02646
0,W00KG02647
0,W00KG02648
1,W00KG02649
0,W00KG02650
1,W00KG02651
1,W00KG02652
1,W00KG02653
0,W00KG02654
0,W00KG02655
0,W00KG02656
3,W00KG02660
30,W00KG02677
35,W00KG02678
1,W00KG02680
1,W00KG02681
1,W00KG02682
0,W00KG02683
1,W00KG02684
2,W00KG02685
1,W00KG02686
1,W00KG02687
3,W00KG02688
1,W00KG02689
0,W00KG02690
0,W00KG02691
0,W00KG02692
1,W00KG02693
0,W00KG02694
0,W00KG02695
0,W00KG02696
4,W00KG02697
3,W00KG02698
4,W00KG02699
1,W00KG02700
1,W00KG02701
0,W00KG02702
0,W00KG02703
1,W00KG02704
2,W00KG02705
1,W00KG02706
2,W00KG02707
0,W00KG02708
4,W00KG02709
1,W00KG02710
0,W00KG02711
0,W00KG02712
2,W00KG02713
1,W00KG02714
8,W00KG02715
1,W00KG02716
2,W00KG02717
3,W00KG02718
1,W00KG02719
0,W00KG02720
3,W00KG02721
2,W00KG02722
1,W00KG02723
0,W00KG02724
0,W00KG02725
1,W00KG02726
3,W00KG02727
3,W00KG02728
0,W00KG02729
1,W00KG02730
7,W00KG02731
43,W00KG02732
7,W00KG02733
5,W00KG02734
5,W00KG02735
8,W00KG02736
12,W00KG02737
10,W00KG02738
40,W00KG02739
4,W00KG02740
5,W00KG02741
5,W00KG02743
4,W00KG02744
3,W00KG02745
8,W00KG02746
45,W00KG02749
22,W00KG02759
94,W00KG02764
19,W00KG03
23,W00KG03151
3,W00KG03548
23,W00KG03566
17,W00KG03567
40,W00KG03568
39,W00KG03569
16,W00KG03592
9,W00KG03593
11,W00KG03595
7,W00KG03597
5,W00KG03598
9,W00KG03599
13,W00KG03600
13,W00KG03601
11,W00KG03604
31,W00KG03605
55,W00KG03606
66,W00KG03607
28,W00KG03608
27,W00KG03609
11,W00KG03610
67,W00KG03611
12798,W00KG03612
51,W00KG03623
29,W00KG03652
101,W00KG03653
38,W00KG03654
8,W00KG03658
13,W00KG03661
11,W00KG03663
12,W00KG03664
28,W00KG03666
567,W00KG03669
74,W00KG03671
96,W00KG03672
141,W00KG03673
19,W00KG03676
19,W00KG03678
1,W00KG03680
33,W00KG03681
17,W00KG03683
186,W00KG03685
115,W00KG03688
58,W00KG03690
9,W00KG03692
64,W00KG03695
134,W00KG03697
98,W00KG03700
42,W00KG03701
16,W00KG03702
11,W00KG03704
4,W00KG03705
38,W00KG03746
4,W00KG03789
6,W00KG03791
4,W00KG03792
6,W00KG03793
23,W00KG03794
4,W00KG03795
5,W00KG03796
2,W00KG03797
2,W00KG03798
4,W00KG03799
3,W00KG03807
4292,W00KG03809
3670,W00KG03811
3650,W00KG03813
3899,W00KG03814
16,W00KG03837
16,W00KG03838
49,W00KG03839
51,W00KG03840
62,W00KG03841
5,W00KG03842
2,W00KG03843
4,W00KG03844
26,W00KG03845
25,W00KG03846
3,W00KG03862
3,W00KG03884
15,W00KG03885
16,W00KG03886
4,W00KG03888
4,W00KG03891
15,W00KG03892
6,W00KG03927
5,W00KG03932
0,W00KG03939
106,W00KG03940
16,W00KG03958
518,W00KG03976
15,W00KG03984
550,W00KG03990
316,W00KG03991
36,W00KG03992
3,W00KG03993
219,W00KG03994
190,W00KG03995
1659,W00KG03996
1423,W00KG03999
81,W00KG04
1332,W00KG04000
46,W00KG04001
914,W00KG04002
1446,W00KG04003
60,W00KG04004
15,W00KG04005
5,W00KG04012
71,W00KG04018
12,W00KG04059
67,W00KG04060
15,W00KG04061
44,W00KG04062
51,W00KG04064
139,W00KG04068
60,W00KG04094
5,W00KG05
114,W00KG0537
54,W00KG0540
33,W00KG0547
5,W00KG0549
7,W00KG0550
4,W00KG0551
2,W00KG0552
4,W00KG0553
3,W00KG0554
58,W00KG05881
9,W00KG06
21,W00KG0613
130,W00KG0614
14,W00KG0617
117,W00KG0622
479,W00KG0638
23,W00KG07
126,W00KG07597
151,W00KG07598
506,W00KG07600
140,W00KG07606
10,W00KG07610
133,W00KG07618
35,W00KG07619
21,W00KG07621
43,W00KG07624
142,W00KG07627
175,W00KG07630
112,W00KG07631
18,W00KG07633
114,W00KG07635
5,W00KG07636
10,W00KG07866
151,W00KG08
323,W00KG08362
5,W00KG08364
14,W00KG08368
623,W00KG08430
190,W00KG08439
249,W00KG08442
276,W00KG08443
840,W00KG08448
128,W00KG08457
84,W00KG09
147,W00KG09211
8,W00KG09213
27,W00KG09215
25,W00KG09216
31,W00KG09218
50,W00KG09349
40,W00KG09351
60,W00KG09353
153,W00KG09355
34,W00KG09357
48,W00KG09382
72,W00KG09387
63,W00KG09391
122,W00KG09507
34,W00KG09663
34,W00KG09667
54,W00KG09670
57,W00KG09671
122,W00KG09673
69,W00KG09682
218,W00KG09683
45,W00KG09686
149,W00KG09688
147,W00KG09691
99,W00KG09693
16,W00KG09694
44,W00KG09696
140,W00KG09698
7,W00KG09699
176,W00KG09700
31,W00KG09729
104,W00KG09730
11,W00KG09731
39,W00KG09733
8,W00KG09734
5,W00KG09736
17,W00KG09737
203,W00KG09739
11,W00KG09741
19,W00KG09744
133,W00KG09747
7,W00KG09748
52,W00KG09750
40,W00KG09751
37,W00KG09753
115,W00KG09754
178,W00KG09757
3,W00KG09759
3,W00KG09761
5,W00KG09763
128,W00KG09764
83,W00KG09766
97,W00KG09767
4,W00KG09768
4,W00KG09769
10,W00KG09822
99,W00KG09823
5,W00KG09824
3,W00KG09825
3,W00KG09826
4,W00KG09828
90,W00KG09830
799,W00KG09831
10,W00KG09970
7,W00KG09972
186,W00KG09975
228,W00KG09977
319,W00KG09978
145,W00KG09980
84,W00PD1011327
6,W00PD1011352
40,W00PD1011353
14,W00PD1011354
867,W01CT0060
25,W1
21,W10110
13,W10130
81,W10159
56,W10160
16,W10195
36,W10196
41,W10197
41,W10198
76,W10200
579,W10206
884,W1022
7,W10232
8,W10234
5,W10237
34,W10247
27,W10298
51,W10302
4,W10303
71,W10305
50,W10308
23,W10311
25,W10314
37,W10315
7,W10316
102,W10319
15,W10321
44,W10329
18,W10331
12,W10345
176,W10347
71,W10419
6,W10426
199,W10431
14,W10437
78,W10545
19,W10547
2060,W10736
42,W10746
1426,W10754
51,W10892
913,W10919
4198,W10954
41,W10979
26,W10982
93,W11043
107,W11044
1379,W11128
31,W11184
7,W11208
52,W11225
211,W11249
52,W11392
96,W11395
18,W1155
4,W11575
785,W11577
237,W1174
112,W11818
70,W11825
24,W11826
61,W11847
27,W11848
3,W11860
42,W11886
109,W11902
17,W12034
14,W12094
45,W12165
39,W12170
20,W12171
57,W1229
66,W12362
70,W12419
103,W12422
5,W12434
190,W12567
117,W12593
7,W12624
6,W12639
55,W12641
52,W12642
35,W127
230,W12827
27,W12828
93,W12829
11,W12837
22,W12842
5,W129
49,W13425
2381,W13528
31,W13532
1544,W13536
41,W13649
7,W13653
9,W1367
50,W13779
35,W13780
20,W13781
53,W138
169,W13852
6,W13868
19,W13914
6,W13916
33,W13942
390,W13994
59,W140
166,W14023
72,W14060
500,W14076
72,W14081
24,W14110
4,W14130
52,W14132
46,W14133
175,W14260
761,W14322
26,W14345
39,W14364
51,W14371
39,W14374
426,W14376
27,W14425
17,W14457
123,W14516
47,W14550
122,W14592
39,W14615
59,W14669
55,W147
56,W148
163,W15089
80,W15096
2102,W15098
62,W15179
5,W15180
5,W15232
85,W15257
21,W15269
20,W15274
42,W15282
72,W15285
127,W15286
46,W15436
22,W15448
26,W15562
629,W15575
10,W15588
12,W15590
4,W15649
22,W15651
9,W15654
93,W15659
3,W15663
41,W15724
11,W15749
13,W15915
25,W15925
33,W15960
37,W15964
39,W15973
18,W16079
9,W16088
42,W16138
49,W16139
51,W16144
78,W16470
7,W16476
97,W1648
53,W16482
116,W16484
1,W16488
37,W16515
34,W1660
43,W16778
1,W16837
86,W16912
372,W16936
46,W16965
47,W17021
109,W17033
4,W17046
213,W17084
92,W17157
49,W17162
68,W17165
62,W17166
13,W17168
63,W17169
32,W17209
6,W17210
18,W17276
42,W17317
9,W17319
50,W17320
158,W175
29,W17633
43,W17635
36,W17636
12,W17680
6,W17713
54,W17722
51,W17788
839,W17789
3,W17836
39,W18
18,W18047
11,W18049
48,W18115
32,W18120
99,W18122
295,W18123
36,W18126
16,W18127
21,W18130
35,W18132
751,W18133
1420,W18134
202,W18135
244,W18139
61,W18167
6,W18300
10,W18311
247,W18557
75,W18579
18,W18580
28,W18588
58,W18598
5,W18609
4,W18611
135,W18616
9,W18619
23,W18640
4,W18649
1,W18652
199,W18978
92,W1904
1,W19213
29,W19220
37,W19222
145,W19223
23,W19224
219,W19225
109,W19227
1158,W19229
8,W1923
13,W19230
52,W19231
17,W19255
38,W19277
79,W19306
720,W1934
1008,W19341
7,W19351
10,W19354
22,W19357
14,W19457
2,W19461
5,W19462
6,W19463
10,W19464
11,W19471
16,W19472
101,W19479
31,W19508
250,W19550
28,W19554
58,W19567
34,W19578
24,W19604
6,W19605
10,W19606
43,W19608
54,W19610
16,W19615
195,W19617
26,W19618
7,W19638
29,W19639
122,W19643
33,W19657
12,W19664
21,W19665
40,W19668
53,W19669
38,W19674
39,W19678
77,W19680
46,W19684
53,W19692
8,W19702
3,W19703
159,W19708
534,W19709
3,W1971
30,W19710
10,W19715
3,W19727
176,W19762
60,W19792
38,W19801
35,W19803
108,W19804
15,W19809
28,W19811
660,W19813
307,W19816
5,W19818
393,W19822
24,W19824
6,W19825
117,W19829
3,W19830
3,W19831
47,W19832
124,W19834
26,W19835
71,W19836
76,W19837
262,W19838
14,W19848
113,W19849
59,W19856
178,W1986
8,W19871
14,W19873
316,W19884
2,W19895
28,W19945
29,W19947
118,W19949
151,W19952
15,W19959
39,W19960
51,W19961
20,W19962
45,W19963
184,W19965
20,W19967
39,W19968
81,W19973
25,W19974
171,W19975
136,W19986
48,W19987
15,W19988
105,W19990
25,W19993
18,W19995
52,W19996
38,W19997
25,W19998
225,W19999
36,W1AT869
7,W1AT874
29,W1AT883
74,W1AT884
75,W1CZ1000
3,W1CZ1002
21,W1CZ1004
40,W1CZ1006
20,W1CZ1007
6,W1CZ1008
3,W1CZ1009
1,W1CZ1010
17,W1CZ1011
11,W1CZ1012
30,W1CZ1013
2,W1CZ1014
15,W1CZ1033
64,W1CZ1034
31,W1CZ1041
6,W1CZ1044
51,W1CZ1045
1,W1CZ1046
1,W1CZ1047
3,W1CZ1048
1,W1CZ1049
4,W1CZ1050
2,W1CZ1051
1,W1CZ1052
0,W1CZ1053
1,W1CZ1054
0,W1CZ1055
3,W1CZ1056
3,W1CZ1056,
1,W1CZ1057
0,W1CZ1058
39,W1CZ1059
0,W1CZ1060
1,W1CZ1061
1,W1CZ1063
0,W1CZ1064
2,W1CZ1065
1,W1CZ1066
1,W1CZ1067
1,W1CZ1068
0,W1CZ1069
1,W1CZ1070
1,W1CZ1071
0,W1CZ1072
2,W1CZ1073
0,W1CZ1074
1,W1CZ1075
2,W1CZ1076
2,W1CZ1077
0,W1CZ1078
2,W1CZ1079
6,W1CZ1080
1,W1CZ1081
2,W1CZ1082
1,W1CZ1083
31,W1CZ1084
3,W1CZ1085
0,W1CZ1086
0,W1CZ1087
1,W1CZ1088
0,W1CZ1089
1,W1CZ1090
0,W1CZ1091
1,W1CZ1092
0,W1CZ1093
4,W1CZ1094
2,W1CZ1095
1,W1CZ1096
16,W1CZ1097
0,W1CZ1098
4,W1CZ1099
41,W1CZ1100
34,W1CZ1101
1,W1CZ1102
2,W1CZ1103
0,W1CZ1104
1,W1CZ1105
1,W1CZ1106
0,W1CZ1107
0,W1CZ1108
0,W1CZ1109
0,W1CZ1110
1,W1CZ1111
2,W1CZ1112
0,W1CZ1113
16,W1CZ1114
2,W1CZ1115
1,W1CZ1116
2,W1CZ1117
2,W1CZ1118
0,W1CZ1119
1,W1CZ1120
3,W1CZ1121
1,W1CZ1122
0,W1CZ1123
3,W1CZ1124
36,W1CZ1125
1,W1CZ1126
0,W1CZ1127
2,W1CZ1128
2,W1CZ1129
10,W1CZ1130
15,W1CZ1131
11,W1CZ1132
0,W1CZ1133
0,W1CZ1134
6,W1CZ1135
0,W1CZ1136
1,W1CZ1137
1,W1CZ1138
0,W1CZ1139
0,W1CZ1140
0,W1CZ1141
0,W1CZ1142
2,W1CZ1143
4,W1CZ1144
27,W1CZ1145
5,W1CZ1146
2,W1CZ1147
1,W1CZ1148
0,W1CZ1149
1,W1CZ1150
11,W1CZ1151
8,W1CZ1152
1,W1CZ1153
1,W1CZ1154
0,W1CZ1155
0,W1CZ1156
1,W1CZ1157
1,W1CZ1158
3,W1CZ1159
2,W1CZ1160
0,W1CZ1161
1,W1CZ1162
0,W1CZ1163
0,W1CZ1164
0,W1CZ1165
0,W1CZ1166
1,W1CZ1167
4,W1CZ1168
4,W1CZ1169
1,W1CZ1170
6,W1CZ1171
0,W1CZ1172
0,W1CZ1173
2,W1CZ1174
6,W1CZ1175
1,W1CZ1176
4,W1CZ1177
0,W1CZ1178
2,W1CZ1179
0,W1CZ1180
1,W1CZ1181
3,W1CZ1182
1,W1CZ1183
1,W1CZ1184
4,W1CZ1185
0,W1CZ1186
2,W1CZ1187
3,W1CZ1188
3,W1CZ1189
0,W1CZ1190
0,W1CZ1191
8,W1CZ1192
22,W1CZ1193
1,W1CZ1194
1,W1CZ1195
2,W1CZ1196
2,W1CZ1197
1,W1CZ1198
1,W1CZ1199
1,W1CZ1200
1,W1CZ1201
6,W1CZ1202
1,W1CZ1203
1,W1CZ1204
3,W1CZ1205
3,W1CZ1206
1,W1CZ1207
0,W1CZ1208
2,W1CZ1209
4,W1CZ1210
1,W1CZ1211
1,W1CZ1212
1,W1CZ1213
1,W1CZ1214
2,W1CZ1215
2,W1CZ1216
0,W1CZ1217
7,W1CZ1219
2,W1CZ1220
1,W1CZ1221
3,W1CZ1222
2,W1CZ1223
6,W1CZ1224
5,W1CZ1225
10,W1CZ1226
6,W1CZ1227
6,W1CZ1228
8,W1CZ1229
36,W1CZ1230
28,W1CZ1231
6,W1CZ1232
1,W1CZ1233
1,W1CZ1234
1,W1CZ1235
3,W1CZ1236
0,W1CZ1237
2,W1CZ1238
1,W1CZ1239
10,W1CZ1240
13,W1CZ1241
4,W1CZ1242
1,W1CZ1243
1,W1CZ1244
3,W1CZ1245
0,W1CZ1246
1,W1CZ1247
2,W1CZ1248
1,W1CZ1249
0,W1CZ1250
1,W1CZ1251
1,W1CZ1252
1,W1CZ1253
3,W1CZ1254
1,W1CZ1255
1,W1CZ1256
1,W1CZ1257
1,W1CZ1258
0,W1CZ1259
0,W1CZ1260
1,W1CZ1261
1,W1CZ1262
0,W1CZ1263
0,W1CZ1264
1,W1CZ1265
0,W1CZ1266
0,W1CZ1267
1,W1CZ1268
5,W1CZ1269
10,W1CZ1270
4,W1CZ1271
4,W1CZ1272
1,W1CZ1273
5,W1CZ1274
4,W1CZ1275
0,W1CZ1276
0,W1CZ1277
0,W1CZ1278
2,W1CZ1279
0,W1CZ1280
0,W1CZ1281
1,W1CZ1282
1,W1CZ1283
1,W1CZ1284
0,W1CZ1285
0,W1CZ1286
3,W1CZ1287
0,W1CZ1288
1,W1CZ1289
1,W1CZ1290
0,W1CZ1291
2,W1CZ1292
1,W1CZ1293
2,W1CZ1294
0,W1CZ1295
0,W1CZ1296
1,W1CZ1297
1,W1CZ1298
0,W1CZ1299
4,W1CZ1300
1,W1CZ1301
3,W1CZ1302
2,W1CZ1303
3,W1CZ1304
1,W1CZ1305
1,W1CZ1306
0,W1CZ1307
0,W1CZ1308
1,W1CZ1309
1,W1CZ1310
0,W1CZ1311
1,W1CZ1312
3,W1CZ1313
18,W1CZ1395
1,W1CZ1413
0,W1CZ1478
0,W1CZ1479
0,W1CZ1480
1,W1CZ1481
1,W1CZ1482
7,W1CZ164
9,W1CZ1849
33,W1CZ1850
59,W1CZ1851
64,W1CZ1852
34,W1CZ1853
5,W1CZ1854
6,W1CZ1855
9,W1CZ1856
2,W1CZ1857
13,W1CZ1858
14,W1CZ1859
20,W1CZ1860
41,W1CZ1861
4,W1CZ1862
6,W1CZ1863
13,W1CZ1864
7,W1CZ1867
33,W1CZ1868
9,W1CZ1869
28,W1CZ1870
15,W1CZ1871
51,W1CZ1872
5,W1CZ1873
2,W1CZ1874
1,W1CZ1875
12,W1CZ1876
44,W1CZ1877
11,W1CZ1878
2,W1CZ1879
19,W1CZ1880
4,W1CZ1881
2,W1CZ1882
8,W1CZ1883
9,W1CZ1884
9,W1CZ1885
9,W1CZ1886
11,W1CZ1887
5,W1CZ1902
25,W1CZ1980
37,W1CZ1981
9,W1CZ1982
3,W1CZ1983
20,W1CZ1984
3,W1CZ1987
62,W1CZ1988
1,W1CZ1989
3,W1CZ1990
0,W1CZ1991
11,W1CZ1992
1,W1CZ1993
6,W1CZ1994
45,W1CZ1995
6,W1CZ1996
52,W1CZ1997
5,W1CZ1998
10,W1CZ1999
50,W1CZ2000
22,W1CZ2043
33,W1CZ2044
1,W1CZ2045
8,W1CZ2046
46,W1CZ2047
27,W1CZ2048
4,W1CZ2049
13,W1CZ2050
13,W1CZ2051
38,W1CZ2154
63,W1CZ2155
39,W1CZ2156
13,W1CZ2157
71,W1CZ2158
27,W1CZ2163
497,W1CZ2229
3,W1CZ2245
49,W1CZ2258
49,W1CZ2260
169,W1CZ2262
31,W1CZ2267
47,W1CZ2269
30,W1CZ2273
36,W1CZ2276
1052,W1CZ2278
19,W1CZ2280
61,W1CZ2282
22,W1CZ2284
25,W1CZ2287
55,W1CZ2288
67,W1CZ2290
44,W1CZ2325
65,W1CZ2327
61,W1CZ2328
10,W1CZ2330
57,W1CZ2331
28,W1CZ2374
84,W1CZ2378
11,W1CZ2381
101,W1CZ2382
41,W1CZ2390
29,W1CZ2392
267,W1CZ2394
30,W1CZ2397
20,W1CZ2398
40,W1CZ2401
24,W1CZ2403
17,W1CZ2407
88,W1CZ2408
20,W1CZ2413
49,W1CZ2415
38,W1CZ2417
20,W1CZ2419
25,W1CZ2423
30,W1CZ2425
24,W1CZ2427
35,W1CZ2429
2,W1CZ2481
5,W1CZ2484
24,W1CZ2485
4,W1CZ2486
10,W1CZ2488
6,W1CZ2489
16,W1CZ2504
12,W1CZ2507
7,W1CZ2508
40,W1CZ2511
632,W1CZ2512
121,W1CZ2513
17,W1CZ2514
13,W1CZ2515
13,W1CZ2516
1290,W1CZ2519
10,W1CZ2540
28,W1CZ2541
18,W1CZ2542
209,W1CZ2543
20,W1CZ2545
9,W1CZ2546
53,W1CZ2547
9,W1CZ2548
138,W1CZ2549
253,W1CZ2550
766,W1CZ2730
8,W1CZ2735
14,W1CZ2742
6,W1CZ2743
144,W1CZ2744
15,W1CZ2745
11,W1CZ2746
14,W1CZ2747
17,W1CZ2765
21,W1CZ2852
49,W1CZ2853
13,W1CZ2855
10,W1CZ2856
356,W1CZ2857
46,W1CZ3
18,W1CZ3868
20,W1CZ3878
3,W1CZ3883
5,W1CZ4690
27,W1CZ504
3,W1CZ505
10,W1CZ674
25,W1CZ675
22,W1CZ689
55,W1CZ690
14,W1CZ854
10,W1CZ855
4,W1CZ856
16,W1CZ872
2,W1CZ873
0,W1CZ874
87,W1CZ878
67,W1CZ881
2,W1CZ882
1,W1CZ883
4,W1CZ884
4,W1CZ885
6,W1CZ886
14,W1CZ887
155,W1CZ888
4,W1CZ889
2,W1CZ890
29,W1CZ891
7,W1CZ893
1,W1CZ894
59,W1CZ895
34,W1CZ896
30,W1CZ897
11,W1CZ898
13,W1CZ899
21,W1CZ900
10,W1CZ901
24,W1CZ902
12,W1CZ911
21,W1CZ913
30,W1CZ928
4,W1CZ929
45,W1CZ930
3,W1CZ944
6,W1CZ986
80,W1CZ991
7,W1CZ996
8,W1GS10
1409,W1GS103597
64,W1GS105195
15,W1GS11
230,W1GS135531
414,W1GS135873
746,W1GS139873
11,W1GS140301
21,W1GS2
77,W1GS2162
16,W1GS4
5,W1GS44028
3,W1GS44054
8,W1GS44055
7,W1GS44056
2,W1GS44552
2,W1GS44554
2,W1GS45202
238,W1GS45274
28,W1GS45957
34,W1GS45961
19,W1GS45965
42,W1GS49280
4,W1GS49535
3,W1GS49554
3,W1GS49575
4,W1GS49915
5,W1GS49973
6,W1GS5
5,W1GS50020
6,W1GS52137
5,W1GS53093
32,W1GS53494
6,W1GS53994
56,W1GS54156
13,W1GS54749
7,W1GS54752
6,W1GS54860
3,W1GS55180
12,W1GS56008
3,W1GS56154
19,W1GS56158
42,W1GS56161
7,W1GS56164
1,W1GS56167
2,W1GS56169
1,W1GS57624
29,W1GS58280
29,W1GS58283
10,W1GS58292
20,W1GS58295
63,W1GS58442
30,W1GS58446
5,W1GS58450
65,W1GS58453
28,W1GS58457
161,W1GS58460
55,W1GS60373
50,W1GS60377
71,W1GS60383
51,W1GS60386
3125,W1GS60389
65,W1GS60392
55,W1GS60395
91,W1GS60399
28,W1GS60403
132,W1GS60696
40,W1GS60700
193,W1GS60779
20,W1GS60784
34,W1GS60864
37,W1GS60877
98,W1GS61404
7,W1GS61408
13,W1GS61411
9,W1GS61414
8,W1GS61415
21,W1GS61550
5394,W1GS66030
18,W1GS66241
14,W1GS66243
9,W1GS66248
7,W1GS66251
511,W1GS66286
1094,W1GS66287
145,W1GS66291
142,W1GS66294
125,W1GS66299
161,W1GS66302
130,W1GS66308
139,W1GS66314
544,W1GS66332
381,W1GS66344
177,W1GS66353
13,W1GS66361
4,W1GS66367
82,W1GS66375
9,W1GS75024
653,W1GS75048
151,W1GS75052
12,W1GS75055
9,W1GS8
167,W1GS88133
144,W1GS88136
234,W1GS88140
36,W1GS88389
7,W1GS88816
13,W1GS9
70,W1GS91829
3,W1GS91831
23,W1GS94773
23,W1GS94774
100,W1GS983
580,W1JM1
62,W1KG1
37,W1KG10000
20,W1KG10003
15,W1KG10008
39,W1KG10013
31,W1KG10015
73,W1KG10016
69,W1KG10019
49,W1KG10030
64,W1KG10034
49,W1KG10037
80,W1KG10057
61,W1KG10061
77,W1KG10064
43,W1KG10067
65,W1KG10070
192,W1KG10073
158,W1KG10093
10,W1KG10097
25,W1KG10098
54,W1KG10099
14,W1KG10100
15,W1KG10101
33,W1KG1011
11,W1KG10111
22,W1KG10112
29,W1KG10117
5,W1KG10120
5,W1KG10134
88,W1KG10137
182,W1KG10141
38,W1KG10144
166,W1KG10149
42,W1KG10153
34,W1KG10155
136,W1KG10161
63,W1KG10162
49,W1KG10163
98,W1KG10164
98,W1KG10165
101,W1KG10166
104,W1KG10184
115,W1KG10187
84,W1KG10190
836,W1KG10193
159,W1KG10204
267,W1KG10237
210,W1KG10241
66,W1KG10250
116,W1KG10253
65,W1KG10256
810,W1KG10279
39,W1KG10280
18,W1KG10281
82,W1KG10282
56,W1KG10283
31,W1KG10284
16,W1KG10285
43,W1KG10286
27,W1KG10287
70,W1KG10288
36,W1KG10289
927,W1KG10294
1040,W1KG10375
1,W1KG10387
34,W1KG10392
246,W1KG10412
81,W1KG10418
52,W1KG10421
48,W1KG10423
105,W1KG10430
44,W1KG10431
122,W1KG10436
34,W1KG10440
15,W1KG10443
68,W1KG10446
30,W1KG10449
636,W1KG10493
39,W1KG10496
218,W1KG10531
17,W1KG10548
41,W1KG10549
2,W1KG10566
9,W1KG10569
96,W1KG10580
6,W1KG10582
25,W1KG10583
19,W1KG1059
43,W1KG10590
36,W1KG10593
51,W1KG10596
44,W1KG10597
13,W1KG10604
29,W1KG10605
26,W1KG10616
25,W1KG10617
86,W1KG10630
38,W1KG10631
35,W1KG10637
53,W1KG10663
2084,W1KG10687
980,W1KG10720
12,W1KG10728
4,W1KG10731
12,W1KG10739
91,W1KG10746
9,W1KG10749
13,W1KG10750
23,W1KG10751
34,W1KG10752
15,W1KG10763
116,W1KG10766
27,W1KG10769
36,W1KG10770
30,W1KG10771
64,W1KG10772
61,W1KG10775
15,W1KG10776
34,W1KG10777
48,W1KG10778
40,W1KG10779
80,W1KG10780
43,W1KG10781
41,W1KG10782
43,W1KG10783
38,W1KG10784
45,W1KG10785
35,W1KG10786
2029,W1KG10787
262,W1KG10788
45,W1KG1083
50,W1KG1084
34,W1KG1085
1452,W1KG10853
280,W1KG10854
346,W1KG10870
256,W1KG10871
401,W1KG10872
166,W1KG1094
211,W1KG1096
180,W1KG1097
171,W1KG1104
239,W1KG1106
9,W1KG1111
1188,W1KG1132
111,W1KG11665
88,W1KG11666
12,W1KG11691
106,W1KG11694
38,W1KG11695
226,W1KG11703
197,W1KG11704
24,W1KG11707
29,W1KG11708
32,W1KG11718
15,W1KG11725
22,W1KG11728
420,W1KG11733
66,W1KG11746
82,W1KG11747
24,W1KG11750
7,W1KG11753
60,W1KG11756
88,W1KG11759
99,W1KG11762
26,W1KG11769
3,W1KG11772
11,W1KG11775
28,W1KG11778
197,W1KG11781
257,W1KG11782
49,W1KG11791
37,W1KG11794
224,W1KG11797
20,W1KG11803
69,W1KG11806
62,W1KG11807
95,W1KG11808
44,W1KG11817
88,W1KG11820
56,W1KG11821
66,W1KG11822
24,W1KG11858
65,W1KG11861
22,W1KG11866
37,W1KG11867
1,W1KG11868
44,W1KG11870
1376,W1KG11871
139,W1KG11880
12,W1KG11881
116,W1KG11882
15,W1KG11891
592,W1KG11900
37,W1KG11901
19,W1KG11902
61,W1KG11903
21,W1KG11906
75,W1KG11909
581,W1KG11912
22,W1KG11920
105,W1KG11923
223,W1KG11924
10,W1KG11935
8,W1KG11938
13,W1KG11939
14,W1KG11942
57,W1KG11946
335,W1KG11947
228,W1KG11948
4,W1KG11950
159,W1KG11957
136,W1KG11958
375,W1KG11959
306,W1KG11965
115,W1KG12021
84,W1KG12025
103,W1KG12026
134,W1KG12027
482,W1KG12028
1034,W1KG12048
36,W1KG12059
80,W1KG12060
51,W1KG12061
48,W1KG12063
34,W1KG12070
185,W1KG12075
71,W1KG12076
60,W1KG12079
16,W1KG12089
26,W1KG12090
69,W1KG12093
40,W1KG12097
57,W1KG12103
164,W1KG12109
69,W1KG12110
69,W1KG12111
96,W1KG12112
320,W1KG12113
250,W1KG12124
102,W1KG12130
37,W1KG12135
51,W1KG12138
28,W1KG12152
15,W1KG12153
47,W1KG12158
11,W1KG12159
35,W1KG12160
69,W1KG12169
13,W1KG12170
102,W1KG12171
29,W1KG12172
64,W1KG12173
61,W1KG12174
29,W1KG12175
11,W1KG12176
71,W1KG12177
31,W1KG12178
52,W1KG12196
48,W1KG12199
26,W1KG12203
59,W1KG12204
50,W1KG12205
46,W1KG12206
74,W1KG12207
90,W1KG12208
20,W1KG12211
23,W1KG12212
7,W1KG12213
75,W1KG12214
54,W1KG12215
16,W1KG12216
17,W1KG12217
3,W1KG12218
9,W1KG12219
24,W1KG12220
321,W1KG12222
15,W1KG12224
1177,W1KG12273
20,W1KG12274
77,W1KG12277
182,W1KG12278
121,W1KG12281
98,W1KG12282
17,W1KG12283
24,W1KG12284
113,W1KG12285
201,W1KG12286
100,W1KG12287
59,W1KG12288
17,W1KG12289
26,W1KG12290
92,W1KG12299
32,W1KG12300
19,W1KG12301
17,W1KG12302
8,W1KG12303
18,W1KG12304
33,W1KG12305
24,W1KG12306
48,W1KG12307
46,W1KG12308
58,W1KG12309
3,W1KG12310
97,W1KG12337
18,W1KG12338
63,W1KG12369
12,W1KG12370
90,W1KG12371
11,W1KG12384
57,W1KG12385
31,W1KG12420
23,W1KG12421
118,W1KG12422
49,W1KG12423
25,W1KG12425
202,W1KG12427
304,W1KG12428
37,W1KG12429
66,W1KG12430
70,W1KG12431
138,W1KG12432
45,W1KG12433
5,W1KG1246
143,W1KG1247
39,W1KG1249
46,W1KG1251
53,W1KG12515
56,W1KG12516
376,W1KG1252
49,W1KG12529
142,W1KG1253
23,W1KG12530
48,W1KG12531
46,W1KG12532
55,W1KG12533
110,W1KG12534
43,W1KG12535
200,W1KG12536
6,W1KG12537
8,W1KG12538
25,W1KG12539
95,W1KG1254
54,W1KG12540
53,W1KG12541
64,W1KG12542
32,W1KG12543
64,W1KG12544
10,W1KG12545
14,W1KG12546
3,W1KG12547
25,W1KG12548
515,W1KG12589
207,W1KG12624
8,W1KG12625
56,W1KG12627
6,W1KG12628
24,W1KG12629
235,W1KG12630
36,W1KG12631
49,W1KG12632
45,W1KG12633
54,W1KG12655
249,W1KG12656
52,W1KG12657
105,W1KG12658
34,W1KG12661
74,W1KG12663
29,W1KG12664
15,W1KG12665
7,W1KG12666
49,W1KG12667
29,W1KG12668
11,W1KG12670
71,W1KG12674
394,W1KG12675
64,W1KG12679
92,W1KG12689
217,W1KG12690
6518,W1KG12707
1744,W1KG12709
330,W1KG12710
1321,W1KG12711
110,W1KG12712
101,W1KG12714
424,W1KG12716
104,W1KG12717
1252,W1KG12721
57,W1KG12763
9,W1KG12767
4,W1KG12772
6,W1KG12773
77,W1KG12775
189,W1KG12776
59,W1KG12777
9,W1KG12780
10,W1KG12781
80,W1KG12782
8,W1KG12783
29,W1KG12784
8,W1KG12785
19,W1KG12787
35,W1KG12788
3,W1KG12789
65,W1KG12790
130,W1KG12792
10,W1KG12793
8,W1KG12794
106,W1KG1281
395,W1KG12913
223,W1KG12962
43,W1KG12967
51,W1KG12968
31,W1KG12969
30,W1KG12970
72,W1KG12971
23,W1KG12972
25,W1KG12973
22,W1KG12974
28,W1KG12976
28,W1KG12977
50,W1KG12979
75,W1KG12980
42,W1KG12984
42,W1KG12985
1937,W1KG12986
45,W1KG12987
46,W1KG13001
22,W1KG13012
59,W1KG13014
35,W1KG13015
31,W1KG13016
45,W1KG13017
305,W1KG13018
69,W1KG13019
64,W1KG13020
104,W1KG13022
24,W1KG13102
33,W1KG13105
101,W1KG13106
33,W1KG13107
76,W1KG13108
93,W1KG13109
176,W1KG13110
69,W1KG13111
80,W1KG13112
91,W1KG13113
85,W1KG13114
155,W1KG13115
124,W1KG13116
50,W1KG13117
39,W1KG13118
20,W1KG13119
30,W1KG13120
20,W1KG13121
432,W1KG13122
41445,W1KG13126
44,W1KG13160
38,W1KG13166
167,W1KG1320
609,W1KG1321
89,W1KG1338
56,W1KG13432
269,W1KG1350
14,W1KG1353
174,W1KG1354
370,W1KG1356
57,W1KG1358
1627,W1KG13585
412,W1KG1360
83,W1KG13603
57,W1KG13604
27,W1KG13605
22,W1KG13616
3337,W1KG13617
292,W1KG1362
253,W1KG1364
97,W1KG13685
47,W1KG13697
50,W1KG13698
51,W1KG13699
25,W1KG13700
201,W1KG13703
2686,W1KG13759
340,W1KG13760
35,W1KG13769
66,W1KG13795
210,W1KG13797
346,W1KG13798
96,W1KG13799
660,W1KG13800
296,W1KG13801
107,W1KG13805
118,W1KG13806
101,W1KG13807
149,W1KG13808
114,W1KG13810
235,W1KG13811
123,W1KG13812
98,W1KG13814
127,W1KG13816
208,W1KG13817
179,W1KG13818
123,W1KG13820
2,W1KG13822
455,W1KG13823
1295,W1KG13824
1224,W1KG13825
3645,W1KG13827
1400,W1KG13829
2008,W1KG13831
1527,W1KG13832
663,W1KG13836
431,W1KG13837
1063,W1KG13839
42,W1KG1390
20,W1KG1391
25,W1KG13981
10,W1KG13990
6,W1KG13992
9,W1KG13995
19,W1KG13996
17,W1KG13998
12,W1KG13999
3572,W1KG14
12,W1KG1400
32,W1KG14001
26,W1KG14009
166,W1KG1408
343,W1KG1412
44,W1KG1413
12,W1KG14132
20,W1KG14133
19,W1KG14135
48,W1KG14136
25,W1KG14137
35,W1KG14138
2037,W1KG14139
190,W1KG1418
318,W1KG1419
170,W1KG1422
300,W1KG1424
412,W1KG1426
208,W1KG1428
2002,W1KG14303
216,W1KG14335
43,W1KG14410
5,W1KG1442
6,W1KG1445
18,W1KG14455
37,W1KG14456
14,W1KG14457
29,W1KG14458
39,W1KG14465
20,W1KG14466
25,W1KG14467
28,W1KG14468
15,W1KG14469
32,W1KG14470
53,W1KG14471
49,W1KG14472
64,W1KG14473
79,W1KG14474
10,W1KG14491
35,W1KG14493
225,W1KG14503
211,W1KG14504
3087,W1KG14505
3006,W1KG14506
1178,W1KG14507
106,W1KG14508
102,W1KG14509
113,W1KG14511
172,W1KG14512
179,W1KG14513
216,W1KG14514
193,W1KG14515
222,W1KG14516
188,W1KG14518
175,W1KG14519
120,W1KG14520
118,W1KG14522
115,W1KG14523
136,W1KG14524
250,W1KG14526
139,W1KG14527
102,W1KG14528
120,W1KG14531
98,W1KG14532
105,W1KG14533
206,W1KG14534
100,W1KG14535
122,W1KG14537
106,W1KG14538
267,W1KG14540
191,W1KG14542
214,W1KG14543
223,W1KG14545
123,W1KG14548
117,W1KG14550
56,W1KG14555
820,W1KG14557
272,W1KG1459
176,W1KG1460
174,W1KG14614
164,W1KG14615
196,W1KG14616
167,W1KG14617
161,W1KG14618
161,W1KG14619
185,W1KG1462
206,W1KG14620
150,W1KG14621
172,W1KG14622
172,W1KG14623
164,W1KG14624
175,W1KG14625
167,W1KG14626
182,W1KG14627
166,W1KG14628
150,W1KG14629
70,W1KG14630
256,W1KG1464
54,W1KG14641
257,W1KG14646
1601,W1KG14647
189,W1KG14648
3985,W1KG14649
172,W1KG14650
203,W1KG14651
171,W1KG14652
103,W1KG14653
183,W1KG14654
186,W1KG14655
103,W1KG14662
103,W1KG14663
101,W1KG14664
185,W1KG14665
140,W1KG14666
221,W1KG14667
254,W1KG1467
109,W1KG14672
472,W1KG14673
954,W1KG14674
460,W1KG14675
237,W1KG14676
1958,W1KG14677
101,W1KG14678
49,W1KG14679
45,W1KG14680
10,W1KG14682
11,W1KG14689
51,W1KG14730
49,W1KG14732
15,W1KG14743
341,W1KG1476
249,W1KG1477
54,W1KG14779
330,W1KG1478
19,W1KG14780
74,W1KG14781
7,W1KG14784
23,W1KG14786
33,W1KG14787
103,W1KG14788
15,W1KG14790
89,W1KG14791
55,W1KG14793
88,W1KG14794
93,W1KG14795
78,W1KG14796
10,W1KG14797
33,W1KG14799
174,W1KG1480
56,W1KG14800
28,W1KG14802
30,W1KG14815
15,W1KG14821
414,W1KG14896
72,W1KG14955
23,W1KG14961
61,W1KG14964
72,W1KG14967
78,W1KG14969
36,W1KG14970
243,W1KG14982
15,W1KG14992
13,W1KG14998
60,W1KG15036
38,W1KG15037
46,W1KG15039
286,W1KG15057
33,W1KG15058
174,W1KG15059
131,W1KG15060
117,W1KG15061
141,W1KG15077
40,W1KG15191
92,W1KG15210
31,W1KG15233
4,W1KG15235
20,W1KG15236
68,W1KG15238
100,W1KG15241
3,W1KG15244
37,W1KG15364
13,W1KG15365
29,W1KG15366
219,W1KG15383
289,W1KG15384
9,W1KG15407
39,W1KG15408
111,W1KG15409
92,W1KG15444
56,W1KG15446
33,W1KG15453
55,W1KG15459
55,W1KG15463
33,W1KG15464
236,W1KG15471
9,W1KG15472
253,W1KG15482
45,W1KG15516
61,W1KG15517
63,W1KG15518
182,W1KG1558
160,W1KG1559
116,W1KG15593
84,W1KG15596
48,W1KG15603
110,W1KG15604
204,W1KG1573
90,W1KG1574
5,W1KG1579
155,W1KG15807
222,W1KG15817
107,W1KG1582
88,W1KG15822
98,W1KG15827
64,W1KG15830
72,W1KG1592
48,W1KG15933
73,W1KG15934
101,W1KG15935
103,W1KG15936
54,W1KG15937
75,W1KG15938
68,W1KG15939
29,W1KG15940
42,W1KG15962
67,W1KG15968
3,W1KG1597
78,W1KG15973
60,W1KG15974
58,W1KG15977
77,W1KG15996
128,W1KG1607
254,W1KG1608
352,W1KG1609
92,W1KG1610
58,W1KG1611
46,W1KG16132
46,W1KG16133
173,W1KG16138
128,W1KG16139
66,W1KG16146
89,W1KG16147
64,W1KG16155
147,W1KG16156
70,W1KG16157
106,W1KG16158
97,W1KG16159
43,W1KG1616
81,W1KG16160
510,W1KG1617
223,W1KG1620
194,W1KG1623
473,W1KG1624
81,W1KG1625
52,W1KG1626
82,W1KG16277
155,W1KG16278
31,W1KG1628
1035,W1KG1629
83,W1KG1645
58,W1KG16458
107,W1KG1646
881,W1KG1656
1657,W1KG1657
8,W1KG16599
79,W1KG1660
10,W1KG16600
11,W1KG16601
13,W1KG16602
33,W1KG16603
11,W1KG16604
27,W1KG16605
44,W1KG16606
27,W1KG16607
28,W1KG16608
78,W1KG16609
63,W1KG16610
99,W1KG16611
55,W1KG16612
56,W1KG16613
110,W1KG1665
168,W1KG1666
138,W1KG1667
519,W1KG1668
67,W1KG16696
83,W1KG1671
140,W1KG1672
137,W1KG1677
157,W1KG1678
55,W1KG1680
116,W1KG1682
139,W1KG1685
15,W1KG1686
114,W1KG1687
128,W1KG1789
2,W1KG1790
204,W1KG1791
194,W1KG1794
146,W1KG1795
143,W1KG1796
148,W1KG1797
141,W1KG1802
149,W1KG1803
56,W1KG1804
10,W1KG1807
40,W1KG1812
91,W1KG1820
28,W1KG1823
412,W1KG1869
384,W1KG1880
175,W1KG1888
155,W1KG1891
120,W1KG1892
52,W1KG1934
22,W1KG1940
245,W1KG1958
52,W1KG1959
419,W1KG2118
1892,W1KG2119
217,W1KG2120
246,W1KG2121
778,W1KG2144
487,W1KG2155
148,W1KG2160
4205,W1KG2164
87,W1KG2169
235,W1KG2170
340,W1KG2171
148,W1KG2174
106,W1KG2177
38,W1KG2179
151,W1KG2230
77,W1KG2726
703,W1KG2733
307,W1KG2740
6,W1KG2756
232,W1KG2757
49,W1KG2763
47,W1KG2766
58,W1KG2767
30,W1KG2778
22,W1KG2782
154,W1KG2783
82,W1KG2788
153,W1KG2793
35,W1KG2800
55,W1KG2807
135,W1KG2808
43,W1KG2815
29,W1KG2816
59,W1KG2817
21,W1KG2818
84,W1KG2819
82,W1KG2820
3,W1KG2827
22,W1KG2834
13,W1KG2843
8,W1KG2848
4,W1KG2849
7,W1KG2850
29,W1KG2851
4,W1KG2852
4,W1KG2855
1,W1KG3134
121,W1KG3165
82,W1KG3166
25,W1KG3167
5,W1KG3168
39,W1KG3169
18,W1KG3170
106,W1KG3172
20,W1KG3173
61,W1KG3231
78,W1KG3234
70,W1KG3364
14,W1KG3365
47,W1KG3372
71,W1KG3374
20,W1KG3381
99,W1KG3383
45,W1KG3386
776,W1KG3391
471,W1KG3393
464,W1KG3394
715,W1KG3395
1122,W1KG3396
554,W1KG3397
437,W1KG3398
1340,W1KG3399
774,W1KG3400
27,W1KG3401
27,W1KG3402
282,W1KG3405
451,W1KG3406
403,W1KG3407
417,W1KG3408
45,W1KG3409
56,W1KG3410
452,W1KG3411
689,W1KG3412
83,W1KG3460
12,W1KG3508
41,W1KG3509
27,W1KG3510
86,W1KG3511
42,W1KG3512
40,W1KG3513
31,W1KG3514
110,W1KG3515
27,W1KG3531
29,W1KG3536
7,W1KG3537
12,W1KG3545
9,W1KG3546
6,W1KG3547
4,W1KG3548
3,W1KG3552
4,W1KG3553
5,W1KG3554
10,W1KG3555
9,W1KG3556
30,W1KG3566
27,W1KG3567
3,W1KG3568
3,W1KG3569
22,W1KG3570
321,W1KG3641
428,W1KG3642
468,W1KG3643
398,W1KG3645
427,W1KG3654
781,W1KG3655
43,W1KG3656
12,W1KG3657
1,W1KG3668
26,W1KG3671
11,W1KG3672
5,W1KG3673
32,W1KG3680
7,W1KG3681
4,W1KG3702
11,W1KG3703
12,W1KG3704
21,W1KG3705
32,W1KG3706
38,W1KG3707
10,W1KG3708
65,W1KG3709
67,W1KG3710
19,W1KG3711
29,W1KG3712
43,W1KG3713
110,W1KG3714
17,W1KG3715
19,W1KG3716
36,W1KG3718
48,W1KG3719
24,W1KG3720
110,W1KG3721
251,W1KG3724
37,W1KG3791
17,W1KG3814
48,W1KG3815
30,W1KG3816
21,W1KG3818
58,W1KG3819
12,W1KG3820
267,W1KG3821
10,W1KG3823
37,W1KG3824
35,W1KG3827
4,W1KG3829
32,W1KG3830
15,W1KG3831
12,W1KG3832
14,W1KG3833
34,W1KG3834
26,W1KG3847
93,W1KG3849
3,W1KG3851
7,W1KG3866
14,W1KG3867
9,W1KG3868
49,W1KG3869
6,W1KG3870
10,W1KG3871
34,W1KG3874
9,W1KG3877
51,W1KG3926
83,W1KG3930
85,W1KG3931
62,W1KG3934
60,W1KG3939
57,W1KG3940
89,W1KG3943
56,W1KG3958
1270,W1KG3960
366,W1KG3965
30,W1KG3967
43,W1KG3968
23,W1KG3969
156,W1KG397
30,W1KG3970
53,W1KG3971
102,W1KG3972
83,W1KG3973
105,W1KG3977
15,W1KG3978
26,W1KG3980
50,W1KG3982
51,W1KG3983
48,W1KG3988
51,W1KG3990
39,W1KG3991
20,W1KG3992
35,W1KG3993
32,W1KG3994
27,W1KG3995
15,W1KG3997
50,W1KG3998
30,W1KG3999
19,W1KG4000
27,W1KG4001
48,W1KG4002
77,W1KG4003
28,W1KG4004
78,W1KG4005
134,W1KG4006
75,W1KG4008
306,W1KG405
750,W1KG406
45,W1KG4185
61,W1KG4186
57,W1KG4187
14,W1KG4189
64,W1KG4190
157,W1KG4191
42,W1KG4192
15,W1KG4193
43,W1KG4194
288,W1KG4196
17,W1KG4197
2,W1KG4200
8,W1KG4201
18,W1KG4202
49,W1KG4204
148,W1KG4205
45,W1KG4207
29,W1KG4208
10,W1KG4209
36,W1KG4210
26,W1KG4211
46,W1KG4213
108,W1KG4214
62,W1KG4215
269,W1KG4218
549,W1KG4219
34,W1KG422
92,W1KG4220
3,W1KG4222
5,W1KG4223
9,W1KG4224
17,W1KG4225
4,W1KG4226
4,W1KG4227
92,W1KG4228
32,W1KG4229
1,W1KG4230
10,W1KG4231
3,W1KG4232
71,W1KG4234
5,W1KG4235
4,W1KG4236
4,W1KG4237
4,W1KG4238
334,W1KG4239
34,W1KG4241
38,W1KG4242
38,W1KG4243
82,W1KG4244
10,W1KG4245
19,W1KG4246
9,W1KG4247
46,W1KG4248
28,W1KG4249
15,W1KG4250
30,W1KG4251
4,W1KG4253
28,W1KG4254
5,W1KG4255
6,W1KG4256
6,W1KG4257
18,W1KG4258
142,W1KG426
13,W1KG4262
13,W1KG4263
4,W1KG4265
4,W1KG4267
9,W1KG4268
1,W1KG4273
66,W1KG4274
157,W1KG4275
128,W1KG4276
333,W1KG4277
1,W1KG4278
49,W1KG4280
3,W1KG4281
266,W1KG4282
26,W1KG4284
20,W1KG4285
93,W1KG4286
21,W1KG4289
9,W1KG4290
3,W1KG4291
7,W1KG4292
15,W1KG4293
6,W1KG4294
8,W1KG4295
6,W1KG4299
0,W1KG4301
3,W1KG4302
6,W1KG4303
52,W1KG4304
22,W1KG4305
28,W1KG4306
2,W1KG4307
3,W1KG4309
7,W1KG4310
35,W1KG4311
138,W1KG4312
157,W1KG4323
459,W1KG4324
186,W1KG4325
47,W1KG4326
357,W1KG4327
7,W1KG4328
2252,W1KG4329
1,W1KG4333
107,W1KG4334
240,W1KG4335
59,W1KG4336
62,W1KG4337
22,W1KG4338
89,W1KG4422
149,W1KG4425
374,W1KG4427
208,W1KG4428
111,W1KG4430
257,W1KG4432
10,W1KG4449
1,W1KG4450
4,W1KG4451
6,W1KG4452
6,W1KG4453
157,W1KG4454
10,W1KG4456
1,W1KG4457
1,W1KG4458
2,W1KG4459
1,W1KG4460
4,W1KG4461
98,W1KG4462
1,W1KG4463
1,W1KG4464
5,W1KG4465
1,W1KG4466
1,W1KG4467
3,W1KG4468
9,W1KG4469
5,W1KG4470
5,W1KG4471
6,W1KG4472
20,W1KG4473
0,W1KG4474
1,W1KG4475
12,W1KG4476
24,W1KG4477
7,W1KG4478
19,W1KG4479
309,W1KG4517
310,W1KG4518
264,W1KG4519
2,W1KG4520
3,W1KG4522
2,W1KG4523
3,W1KG4524
3,W1KG4525
9,W1KG4526
3,W1KG4527
1,W1KG4528
3,W1KG4529
3,W1KG4530
2,W1KG4531
24,W1KG4532
15,W1KG4589
19,W1KG4590
45,W1KG4591
6778,W1KG4592
348,W1KG4593
113,W1KG4594
82,W1KG4598
306,W1KG4599
6,W1KG4600
27,W1KG4601
51,W1KG4608
179,W1KG461
200,W1KG4615
952,W1KG4616
108,W1KG4617
16,W1KG472
348,W1KG475
226,W1KG4768
597,W1KG4769
150,W1KG4771
294,W1KG4776
303,W1KG4777
333,W1KG4778
105,W1KG4779
907,W1KG478
105,W1KG4780
91,W1KG4781
71,W1KG4782
9,W1KG4783
347,W1KG483
255,W1KG4846
100,W1KG4847
87,W1KG4848
130,W1KG4849
91,W1KG4850
51,W1KG4852
84,W1KG4853
123,W1KG4855
465,W1KG4857
99,W1KG4859
107,W1KG486
128,W1KG4860
107,W1KG4861
143,W1KG4863
51,W1KG4864
109,W1KG4865
131,W1KG4867
107,W1KG4868
3,W1KG4869
49,W1KG4870
344,W1KG4871
678,W1KG4876
1222,W1KG4884
1604,W1KG489
69,W1KG4912
161,W1KG4919
134,W1KG492
466,W1KG4920
56,W1KG4921
189,W1KG4927
334,W1KG4931
314,W1KG4932
3507,W1KG4936
239,W1KG4937
123,W1KG4938
447,W1KG4940
259,W1KG4941
133,W1KG4942
124,W1KG4944
135,W1KG4945
175,W1KG4946
101,W1KG4948
101,W1KG4949
108,W1KG4950
290,W1KG4998
153,W1KG5000
94,W1KG5002
421,W1KG5005
95,W1KG5006
7911,W1KG5007
47,W1KG5009
9,W1KG506
146,W1KG509
637,W1KG5093
99,W1KG5097
106,W1KG5098
16,W1KG5099
2266,W1KG5109
5,W1KG5129
187,W1KG513
329,W1KG5132
184,W1KG5133
245,W1KG5149
143,W1KG515
64,W1KG5150
137,W1KG5151
149,W1KG5152
156,W1KG5153
161,W1KG5154
118,W1KG5155
65,W1KG5169
785,W1KG5170
23,W1KG5171
70,W1KG5172
587,W1KG5174
106,W1KG5176
224,W1KG5178
145,W1KG518
324,W1KG5180
307,W1KG5182
98,W1KG5187
138,W1KG519
44,W1KG5193
112,W1KG5194
271,W1KG5198
155,W1KG5199
128,W1KG5200
144,W1KG521
25,W1KG5251
31,W1KG5252
45,W1KG5254
24,W1KG5256
62,W1KG5258
99,W1KG5259
45,W1KG5260
44,W1KG5261
49,W1KG5263
42,W1KG5264
45,W1KG5265
41,W1KG5267
48,W1KG5269
52,W1KG5270
43,W1KG5272
49,W1KG5273
41,W1KG5274
20,W1KG5275
2019,W1KG5304
691,W1KG5305
268,W1KG5306
28,W1KG5327
101,W1KG5328
133,W1KG533
40,W1KG5341
38,W1KG5342
35,W1KG5343
33,W1KG5344
4,W1KG535
100,W1KG5369
136,W1KG5370
185,W1KG5371
256,W1KG5372
1450,W1KG5375
284,W1KG5377
127,W1KG5395
34,W1KG5396
24,W1KG5397
21,W1KG5398
19,W1KG5400
53,W1KG5418
87,W1KG5419
44,W1KG5420
1727,W1KG5422
94,W1KG5449
5,W1KG545
52,W1KG5450
59,W1KG5451
32,W1KG5452
104,W1KG5461
120,W1KG5465
109,W1KG5466
61,W1KG5468
63,W1KG5476
58,W1KG5477
65,W1KG5478
54,W1KG5479
1,W1KG5488
14,W1KG549
55,W1KG550
143,W1KG5507
26,W1KG5539
83,W1KG5554
147,W1KG5559
119,W1KG5560
1,W1KG557
142,W1KG5609
415,W1KG5611
169,W1KG5613
191,W1KG5615
1329,W1KG5617
8124,W1KG5618
201,W1KG5619
51,W1KG5620
306,W1KG5621
173,W1KG5622
36,W1KG5623
26,W1KG5624
142,W1KG5625
84,W1KG5626
59,W1KG5662
63,W1KG5663
169,W1KG5664
4,W1KG5665
993,W1KG5666
252,W1KG5688
326,W1KG5697
2121,W1KG5698
71,W1KG5704
239,W1KG5705
613,W1KG5724
44,W1KG5727
47,W1KG5730
922,W1KG5735
157,W1KG5737
131,W1KG5760
82,W1KG5761
402,W1KG5762
54,W1KG5772
55,W1KG5773
120,W1KG5774
411,W1KG5775
117,W1KG5786
136,W1KG5787
102,W1KG5793
9,W1KG580
54,W1KG5808
209,W1KG5809
528,W1KG5812
113,W1KG5813
347,W1KG5814
205,W1KG5815
235,W1KG5816
232,W1KG5817
257,W1KG5818
452,W1KG582
574,W1KG584
220,W1KG5842
149,W1KG5846
460,W1KG585
221,W1KG5857
42,W1KG5859
145,W1KG586
78,W1KG5866
37,W1KG5868
207,W1KG587
10,W1KG5871
59,W1KG5872
35,W1KG5875
45,W1KG5876
43,W1KG5879
1630,W1KG588
1192,W1KG589
49,W1KG5900
44,W1KG5903
82,W1KG5905
54,W1KG5907
40,W1KG5926
48,W1KG5929
4,W1KG5930
162,W1KG5945
59,W1KG5948
53,W1KG5949
116,W1KG5950
125,W1KG5961
39,W1KG5962
48,W1KG5963
141,W1KG5964
100,W1KG5965
302,W1KG5966
115,W1KG5967
106,W1KG5987
147,W1KG5988
64,W1KG5991
41,W1KG5993
186,W1KG5994
186,W1KG5995
189,W1KG5996
184,W1KG5997
187,W1KG6000
171,W1KG6001
121,W1KG6002
169,W1KG6007
86,W1KG6008
119,W1KG6009
36,W1KG6013
53,W1KG6014
47,W1KG6041
82,W1KG6042
108,W1KG6044
156,W1KG6046
111,W1KG6047
331,W1KG6048
155,W1KG6049
189,W1KG6050
64,W1KG6051
66,W1KG6053
61,W1KG6054
101,W1KG6055
45,W1KG6056
55,W1KG6057
105,W1KG6058
214,W1KG606
184,W1KG6060
1181,W1KG6061
179,W1KG6062
49,W1KG6068
0,W1KG6076
106,W1KG6082
111,W1KG6085
82,W1KG6086
86,W1KG6089
163,W1KG6091
53,W1KG6092
38,W1KG6093
51,W1KG6094
48,W1KG6095
67,W1KG6107
64,W1KG6109
95,W1KG6110
241,W1KG6113
92,W1KG6117
36,W1KG6120
55,W1KG6122
24,W1KG6124
56,W1KG6129
58,W1KG6132
57,W1KG6134
53,W1KG6135
29,W1KG6136
59,W1KG6137
176,W1KG6139
159,W1KG6140
39,W1KG6143
43,W1KG6145
71,W1KG6147
46,W1KG6148
85,W1KG6149
55,W1KG6150
95,W1KG6151
26,W1KG6152
53,W1KG6155
66,W1KG6156
49,W1KG6157
46,W1KG6158
80,W1KG6159
947,W1KG6160
307,W1KG6161
145,W1KG6162
36,W1KG6163
55,W1KG6164
179,W1KG6168
83,W1KG6169
93,W1KG6170
42,W1KG6186
58,W1KG6187
62,W1KG6188
47,W1KG6189
89,W1KG6196
192,W1KG6197
62,W1KG6198
58,W1KG6199
47,W1KG6200
77,W1KG6201
56,W1KG6202
52,W1KG6203
445,W1KG6204
92,W1KG6247
142,W1KG6248
54,W1KG6249
28,W1KG6254
54,W1KG6255
70,W1KG6256
907,W1KG6257
53,W1KG6259
36,W1KG6260
645,W1KG6288
162,W1KG6289
55,W1KG6290
71,W1KG6291
22,W1KG6292
121,W1KG6293
25,W1KG6294
126,W1KG6295
227,W1KG6296
13,W1KG6298
131,W1KG6328
82,W1KG6329
95,W1KG6330
117,W1KG6344
206,W1KG6346
62,W1KG6347
24,W1KG655
122,W1KG658
74,W1KG659
234,W1KG662
106,W1KG665
181,W1KG667
186,W1KG744
186,W1KG746
19,W1KG802
69,W1KG818
57,W1KG819
435,W1KG820
4958,W1KG825
70,W1KG8285
73,W1KG8296
25,W1KG8299
14,W1KG8313
78,W1KG8314
14,W1KG8316
33,W1KG8317
28,W1KG8318
18,W1KG8319
1018,W1KG8320
147740,W1KG8321
127,W1KG8464
128,W1KG8465
53,W1KG8466
213,W1KG8471
96,W1KG8473
64,W1KG8474
35,W1KG8475
196,W1KG8476
221,W1KG8478
255,W1KG8479
105,W1KG8480
49,W1KG8481
81,W1KG852
36,W1KG8527
39,W1KG8529
39,W1KG8531
46,W1KG8532
33,W1KG8533
40,W1KG8535
45,W1KG8536
18,W1KG8537
587,W1KG854
71,W1KG855
259,W1KG8555
5820,W1KG857
238,W1KG8574
138,W1KG8579
123,W1KG8580
152,W1KG8583
130,W1KG8584
195,W1KG8585
131,W1KG8586
3895,W1KG861
3634,W1KG862
3431,W1KG866
3897,W1KG869
27,W1KG870
101,W1KG871
374,W1KG872
26,W1KG8722
103,W1KG8723
500,W1KG8724
172,W1KG8725
50,W1KG873
130,W1KG875
214,W1KG8751
168,W1KG8752
9,W1KG8762
116,W1KG8769
141,W1KG877
739,W1KG878
155,W1KG8788
103,W1KG8789
69,W1KG879
142,W1KG8805
271,W1KG8806
236,W1KG8807
186,W1KG881
12,W1KG8823
44,W1KG8824
32,W1KG8827
27,W1KG8828
129,W1KG8833
134,W1KG8836
139,W1KG8837
42,W1KG8838
63,W1KG8853
10,W1KG8855
51,W1KG8888
27,W1KG8889
83,W1KG8892
69,W1KG8893
81,W1KG8894
45,W1KG8896
724,W1KG8897
290,W1KG8898
281,W1KG8899
110,W1KG8901
65,W1KG8902
228,W1KG8913
8,W1KG8916
952,W1KG892
122,W1KG8927
30,W1KG8928
17,W1KG8929
4,W1KG8930
161,W1KG8931
142,W1KG8934
444,W1KG8935
357,W1KG8936
238,W1KG8937
47,W1KG9014
96,W1KG9015
85,W1KG9028
112,W1KG9029
99,W1KG9030
125,W1KG9031
90,W1KG9032
138,W1KG9033
69,W1KG9034
82,W1KG9035
95,W1KG9036
80,W1KG9037
77,W1KG9038
185,W1KG9039
88,W1KG9040
48,W1KG9041
98,W1KG9042
36,W1KG9075
141,W1KG9078
79,W1KG9079
18,W1KG9080
11,W1KG9083
13,W1KG9084
20,W1KG9085
18,W1KG9086
110,W1KG9087
32,W1KG9088
43,W1KG9090
47,W1KG9121
36,W1KG9122
51,W1KG9123
6,W1KG9238
53,W1KG9243
96,W1KG9244
252,W1KG9245
41,W1KG9246
61,W1KG9247
274,W1KG9248
78,W1KG9249
236,W1KG9250
76,W1KG9251
25,W1KG9252
53,W1KG9253
23,W1KG9254
56,W1KG9255
38,W1KG9256
74,W1KG9257
132,W1KG9258
60,W1KG9259
13,W1KG9260
204,W1KG9261
32,W1KG9262
20,W1KG9263
65,W1KG9264
40,W1KG9265
111,W1KG9266
38,W1KG9267
81,W1KG9268
112,W1KG9269
84,W1KG9270
36,W1KG9271
37,W1KG9272
32,W1KG9273
7,W1KG9274
58,W1KG9275
61,W1KG9276
49,W1KG9277
63,W1KG9278
35,W1KG9279
65,W1KG9280
73,W1KG9281
74,W1KG9282
110,W1KG9283
14,W1KG9284
36,W1KG9285
142,W1KG9286
35,W1KG9287
66,W1KG9288
21,W1KG9289
7,W1KG9290
22,W1KG9291
37,W1KG9292
69,W1KG9293
33,W1KG9294
27,W1KG9295
46,W1KG9296
40,W1KG9297
46,W1KG9298
31,W1KG9299
38,W1KG9300
64,W1KG9301
102,W1KG9302
21,W1KG9303
72,W1KG9304
12,W1KG9305
68,W1KG9306
26,W1KG9307
80,W1KG9308
46,W1KG9309
10,W1KG9310
43,W1KG9323
62,W1KG9405
62,W1KG9406
81,W1KG9407
369,W1KG9408
1248,W1KG9409
27,W1KG9412
60,W1KG9413
74,W1KG9453
53,W1KG9480
952,W1KG9560
260,W1KG9561
47,W1KG9562
16,W1KG9563
378,W1KG9580
302,W1KG9588
130,W1KG9593
82,W1KG9602
37,W1KG9603
67,W1KG9604
81,W1KG9605
43,W1KG9606
44,W1KG9607
16,W1KG9608
61,W1KG9609
46,W1KG9670
13,W1KG9673
19,W1KG9674
39,W1KG9675
36,W1KG9676
134,W1KG9701
46,W1KG9713
875,W1KG9720
55,W1KG9723
45,W1KG9724
11,W1KG9727
24,W1KG9728
40,W1KG9729
16,W1KG9730
47,W1KG9748
48,W1KG9749
133,W1KG975
58,W1KG9750
69,W1KG9751
40,W1KG9752
55,W1KG9753
43,W1KG9754
539,W1KG9771
104,W1KG9772
64,W1KG9788
59,W1KG9799
180,W1KG980
789,W1KG9800
66,W1KG9801
51,W1KG9819
135,W1KG982
57,W1KG9822
276,W1KG9827
66,W1KG984
98,W1KG9841
62,W1KG9844
180,W1KG9848
113,W1KG985
49,W1KG9855
120,W1KG9858
377,W1KG9862
39,W1KG987
86,W1KG988
29,W1KG9977
367,W1KG9980
21,W1KG9985
10,W1KG9986
100,W1KG9991
55,W1KG9994
17,W1KG9997
4483,W1PD100944
429,W1PD104698
170,W1PD104832
1029,W1PD105777
135,W1PD105780
36,W1PD105783
147,W1PD105786
143,W1PD105789
181,W1PD105792
140,W1PD105795
172,W1PD105798
248,W1PD105801
585,W1PD105804
191,W1PD105807
244,W1PD105810
192,W1PD105813
264,W1PD105816
259,W1PD105819
181,W1PD105822
402,W1PD105825
321,W1PD105828
190,W1PD105831
205,W1PD105834
132,W1PD105837
366,W1PD105840
313,W1PD105843
280,W1PD105846
277,W1PD105849
101,W1PD105852
32,W1PD105855
317,W1PD105858
531,W1PD105861
773,W1PD105864
115,W1PD105869
1474,W1PD105872
196,W1PD105875
290,W1PD105878
214,W1PD105881
446,W1PD105884
458,W1PD105887
433,W1PD105890
424,W1PD105893
445,W1PD105896
437,W1PD105899
168,W1PD105902
264,W1PD105905
140,W1PD105908
208,W1PD105911
509,W1PD105914
175,W1PD105917
378,W1PD105920
642,W1PD105923
1295,W1PD107129
452,W1PD107142
40,W1PD107152
3441,W1PD107937
31,W1PD108085
339,W1PD108254
1273,W1PD127348
11365,W1PD127393
103,W1PD137811
29,W1PD137860
56,W1PD137882
77,W1PD152287
1641,W1PD153536
1877,W1PD153537
129,W1PD156563
110,W1PD159420
601,W1PD1725
59,W1PD177555
376,W1PD177557
3,W1PD179846
626,W1PD181210
7,W1PD2
261,W1PD2074
478,W1PD26799
1768,W1PD289
37,W1PD3
10,W1PD36435
14,W1PD4
2,W1PD44711
22,W1PD44712
11,W1PD45088
6,W1PD45090
312,W1PD45093
201,W1PD45094
1693,W1PD45095
15,W1PD45096
8458,W1PD45098
2473,W1PD45099
912,W1PD45150
468,W1PD45152
952,W1PD45153
367,W1PD45154
113,W1PD45157
358,W1PD45158
1924,W1PD45495
8844,W1PD45496
14,W1PD5
88,W1PD512
29,W1PD5282
53,W1PD5283
123,W1PD5284
7,W1PD5297
4,W1PD5298
5,W1PD5299
4,W1PD5300
10,W1PD5302
6,W1PD5314
77,W1PD53256
142,W1PD53257
183,W1PD53258
146,W1PD53259
71,W1PD53260
155,W1PD53263
104,W1PD53265
77,W1PD53268
820,W1PD53269
216,W1PD53271
8,W1PD53272
170,W1PD53273
11,W1PD53274
6,W1PD53275
20,W1PD53276
8,W1PD53277
14,W1PD53745
25,W1PD53746
96,W1PD53748
64,W1PD53749
174,W1PD53750
10,W1PD6
1185,W1PD76231
4,W1PD76232
17,W1PD76588
8093,W1PD76592
2,W1PD76618
6,W1PD76619
4,W1PD76620
134,W1PD76622
3089,W1PD77570
109,W1PD8
60,W1PD82085
54,W1PD82465
1570,W1PD83960
158,W1PD83963
211,W1PD83964
96,W1PD83965
54,W1PD83972
48,W1PD83973
22,W1PD83974
50,W1PD83975
80,W1PD83977
171,W1PD83981
65,W1PD85356
38,W1PD86468
100,W1PD86474
37,W1PD87837
50,W1PD88197
181,W1PD88206
270,W1PD88207
121,W1PD88780
363,W1PD88781
66,W1PD88783
54,W1PD88978
60,W1PD88983
63,W1PD88984
12,W1PD88985
8,W1PD88986
12,W1PD88988
12,W1PD88990
83,W1PD88991
23,W1PD88992
17,W1PD88993
8,W1PD88994
15,W1PD88995
83,W1PD88996
1397,W1PD88997
48,W1PD89
9,W1PD89022
8,W1PD89023
1276,W1PD89051
2322,W1PD89084
229,W1PD89340
61,W1PD89897
287,W1PD89986
160,W1PD89990
4879,W1PD89994
1289,W1PD89996
1332,W1PD89997
1212,W1PD89998
22,W1PD9
1169,W1PD90002
865,W1PD90003
1183,W1PD90005
605,W1PD90006
1198,W1PD90007
1421,W1PD90008
1439,W1PD90009
739,W1PD90010
1097,W1PD90011
1270,W1PD90012
1402,W1PD90017
2293,W1PD90018
4331,W1PD90019
1846,W1PD90023
1845,W1PD90024
1509,W1PD90025
762,W1PD90026
1804,W1PD90027
1415,W1PD90028
309,W1PD90029
787,W1PD90030
1401,W1PD90031
1294,W1PD90032
3657,W1PD90033
532,W1PD90113
940,W1PD90115
338,W1PD90117
1096,W1PD90118
739,W1PD90119
742,W1PD90120
1229,W1PD90121
551,W1PD90122
832,W1PD90123
947,W1PD90124
816,W1PD90125
554,W1PD90126
375,W1PD90127
678,W1PD90128
1310,W1PD90129
53,W1PD90154
15,W1PD90230
16,W1PD90416
225,W1PD90704
48,W1PD91
42,W1PD92
11,W1PD9229
608,W1PD94
34,W1PD95675
88,W1PD95677
31,W1PD95698
1553,W1PD95746
22,W1PD95747
227,W1PD95787
114,W1PD95791
55,W1PD95799
479,W1PD95802
179,W1PD95805
52,W1PD95807
58,W1PD95808
55,W1PD95809
61,W1PD95810
50,W1PD95811
55,W1PD95812
46,W1PD95813
181,W1PD95814
52,W1PD95815
38021,W1PD95844
214,W1PD96069
412,W1PD96085
4,W1PD96141
2471,W1PD96185
7,W1PD96301
70,W1PD96313
47,W1PD96348
121,W1PD96438
91510,W1PD96682
22546,W1PD96684
12544,W1PD96685
147,W1PD96945
630,W1PD96997
30,W1PD97
138,W1PD97485
2,W1PD97739
3,W1PD97741
30,W1PD98
95,W20000
50,W20002
1,W20004
49,W20007
111,W20009
23,W20010
63,W20011
24,W20013
13,W20014
87,W20016
26,W20017
18,W20019
34,W20023
48,W20025
70,W20026
81,W20027
7,W20028
169,W20029
16,W20030
6,W20031
27,W20034
69,W20036
41,W20037
50,W20041
1273,W20043
38,W20044
20,W20063
64,W20066
238,W20068
1086,W20069
64,W20070
35,W20074
10,W20076
105,W20077
21,W20078
70,W20081
30,W20083
44,W20086
70,W20087
35,W20097
52,W20101
41,W20107
20,W20108
80,W20109
28,W20111
20,W20112
21,W20113
51,W20115
73,W20123
53,W20124
60,W20128
59,W20129
52,W20130
64,W20131
105,W20132
45,W20135
30,W20136
2,W20137
16,W20138
5,W20140
38,W20141
69,W20142
39,W20143
3,W20146
21,W20152
4,W20169
30,W20170
1,W20171
38,W20173
11,W20179
59,W20181
15,W20183
27,W20184
125,W20185
61,W20186
17,W20191
20,W20197
21,W20198
10,W20204
11,W20205
92,W20208
9,W20209
1,W20212
18,W20214
15,W20215
140,W20222
246,W20224
13,W20225
288,W20229
34,W20230
1,W20233
3,W20234
9,W20235
3,W20240
22,W20241
1240,W20242
26,W20244
97,W20250
45,W20268
34,W20304
510,W20319
84,W20325
48,W20334
29,W20337
23,W20338
109,W20381
12405,W20382
83,W20384
1901,W20386
100,W20387
33,W20390
13,W20392
49,W20393
42,W20395
141,W20396
53,W20397
27,W20398
26,W20400
51,W20401
86,W20402
90,W20404
13,W20405
35,W20406
289,W20407
35,W20408
99,W20409
57,W20410
58,W20411
151,W20414
25,W20415
500,W20417
49,W20420
90,W20423
43,W20424
19,W20425
123,W20426
10,W20427
456,W20428
16,W20430
28,W20431
47,W20432
14,W20433
37,W20434
16,W20438
6,W20441
71,W20442
30,W20443
22,W20444
32,W20446
19,W20448
22,W20450
45,W20452
35,W20453
26,W20454
50,W20455
81,W20456
93,W20457
25,W20459
4175,W2046
101,W20461
49,W20462
37,W20463
24,W20464
189,W20468
108,W20471
21,W20473
33,W20476
92,W20477
1039,W20479
53,W20481
39,W20482
22,W20487
78,W20489
51,W20499
1274,W20503
49,W20509
654,W20510
56,W20511
43,W20515
68,W20517
70,W20519
22,W20520
28,W20522
142,W20528
34,W20530
32,W20531
19,W20532
96,W20533
35,W20534
34,W20539
367,W20540
167,W20541
283,W20548
143,W20555
138,W20556
40,W20557
58,W20558
33,W20559
19,W20562
66,W20563
62,W20564
22,W20565
37,W20566
8,W20568
67,W20571
22,W20575
73,W20576
26,W20577
1228,W20578
94,W2059
1687,W20745
338,W20749
83,W20751
202,W20811
72,W20812
29533,W20813
1287,W20814
631,W20816
22092,W20817
4640,W20818
602,W20819
9149,W20820
473,W20821
79,W20823
107,W20826
40,W20827
46,W20828
310,W20830
28,W20831
445,W20832
12,W20834
2,W20835
3,W20836
57,W20837
6,W20838
22,W20839
24,W20840
11,W20841
228,W20842
2,W20843
3,W20844
3,W20846
64,W20847
179,W20848
44,W20849
53,W20850
7,W20851
143,W20852
2,W20855
11,W20856
2,W20857
58,W20858
97,W20859
53,W20860
220,W20865
17,W20866
18,W20867
21,W20868
677,W20869
27,W20873
83,W20876
226,W20877
71,W20880
8,W20905
7,W20907
1827,W20910
78,W20913
2493,W20914
216,W20916
43,W20953
130,W21015
9078,W21016
238,W21017
85,W21018
64,W21019
59,W21020
98,W21022
42,W21023
266,W21024
11,W21025
25,W21026
255,W21027
12,W21140
16,W21141
24,W21145
151,W21208
238,W2122
5,W2123
143,W21237
118,W2124
433,W21295
57,W21296
24,W21366
237,W21492
5,W21493
37,W21494
14,W21495
7926,W21496
6,W21498
19,W21499
18,W21500
12581,W21501
1432,W21503
378,W21504
810,W21505
1478,W21506
282,W21507
5385,W21508
126,W21509
4,W21510
59,W21511
10,W21512
1256,W21518
85,W21519
549,W21520
1928,W21521
46,W21523
7,W21527
16,W21549
82,W21550
45,W21551
18,W21552
4,W21553
21,W21554
34,W21555
173,W21557
23,W21558
39,W21559
10,W21560
24,W21562
48,W21576
40,W21577
131,W21578
122,W21587
45,W21588
138,W21592
20,W21595
38,W21597
33,W21604
58,W21605
299,W21608
66,W21609
40,W21610
72,W21611
43,W21612
13,W21613
197,W21615
122,W21617
207,W21619
55,W21620
11,W21621
32,W21623
10,W21624
93,W21625
47,W21626
151,W21627
22,W21634
13,W21636
24,W21637
5,W21638
25,W21653
31,W21655
53,W21657
35,W21658
43,W21659
22,W21660
67,W21661
19,W21662
106,W21664
226,W21672
173,W21673
8,W21674
96,W21678
111,W21679
12,W21683
10,W21686
21,W21689
10,W21690
46,W21693
33,W21696
77,W21700
77,W21701
55,W21708
20,W21709
60,W21715
223,W21716
81,W21717
13,W21718
151,W21720
5804,W21722
13,W21723
137,W21724
16,W21725
9,W21726
529,W21727
158,W21728
103,W21729
161,W21730
61,W21731
19,W21732
31,W21733
40,W21734
31,W21735
27,W21736
35,W21737
28,W21738
18,W21739
26,W21740
72,W21741
34,W21742
68,W21743
47,W21747
392,W21750
17,W21752
14,W21754
58,W21757
12,W21759
114,W21761
85,W21762
146,W21763
7,W21767
16,W21768
14,W21769
31,W21770
40,W21780
44,W21781
140,W21783
76,W21784
51,W21793
69,W21797
75,W21805
242,W21807
2521,W21808
2748,W21809
438,W21810
949,W21811
55,W21813
44,W21814
48,W21816
14,W21818
44,W21819
12,W21821
29,W21822
378,W21824
1585,W21825
425,W21826
80,W21828
49,W21842
46,W21846
44,W21847
40,W21848
51,W21851
37,W21853
37,W21854
53,W21855
601,W21856
212,W21857
59,W21858
132,W21859
35,W21860
9,W21863
54,W21865
34,W21871
8836,W21872
31,W21878
30,W21879
25,W21880
20,W21884
60,W21888
76,W21892
6,W21894
146,W21895
142,W21896
75,W21897
34,W21898
18,W21902
257,W21907
40,W21909
193,W21911
89,W21912
49,W21913
36,W21914
58,W21916
32,W21921
56,W21923
39,W21925
59,W21929
62,W21932
88,W21933
49,W21934
3982,W21939
17,W21943
19,W21947
107,W21949
43,W21950
349,W21951
65,W21952
17,W21953
83,W21954
46,W21955
62,W21956
970,W21957
23,W21960
59,W21961
25,W21962
17,W21963
11,W21967
334,W21968
57,W21969
29,W21970
12,W21971
282,W21974
43,W21975
26,W21977
273,W21980
395,W21982
4,W21984
125,W21985
11,W21987
107,W21990
19,W21992
740,W21993
30,W21994
6,W21995
18,W21997
105,W21998
52,W21999
76,W22001
54,W22004
14,W22006
15,W22007
4,W22008
22,W22009
54,W22010
175,W22013
96,W22014
189,W22018
5,W22019
7,W22021
51,W22022
22,W22023
52,W22024
60,W22026
113,W22028
281,W22037
209,W22039
19,W22041
99,W22045
53,W22046
27,W22051
135,W22054
40,W22061
68,W22074
126,W22075
3,W22078
4448,W22080
179,W22081
6340,W22082
1815,W22083
3943,W22084
278,W22086
56,W22087
131,W22088
63,W22092
6,W22093
350,W22095
4611,W22096
39,W22098
384,W22102
2921,W22103
2502,W22106
422,W22108
704,W22109
138,W22110
683,W22111
851,W22112
7,W22113
13,W22114
23,W22115
33,W22116
163,W22117
85,W22118
29,W22119
11,W22120
6,W22121
14,W22122
198,W22123
184,W22124
5,W22125
12,W22126
192,W22128
868,W22130
9,W22131
9,W22132
51,W22133
7,W22136
44,W22137
19,W22138
1015,W22139
14,W22140
67,W22141
9,W22142
10,W22143
1675,W22145
26,W22146
10,W22148
407,W22151
39,W22156
136,W22161
43,W22164
59,W22165
52,W22166
77,W22167
364,W22170
287,W22171
3,W22172
32,W22174
6,W22175
402,W22177
91,W22179
6,W22180
217,W22181
13,W22182
11,W22183
20,W22184
910,W22185
2841,W22186
38,W22188
17,W22189
35,W22191
8,W22192
43,W22194
4,W22195
22,W22200
8,W22201
14,W22202
122,W22203
119,W22204
40,W22245
310,W22246
125,W22247
65,W22248
7,W22249
637,W22250
24,W22255
29,W22259
388,W22271
404,W22272
4104,W22273
3861,W22274
265,W22275
453,W22276
334,W22277
84,W22279
165,W22280
53,W22281
8,W22283
30,W22290
66,W22294
4,W22300
4,W22308
11,W22309
1,W22310
1,W22311
71,W22313
502,W22314
0,W22315
12,W22316
5,W22317
9,W22318
2,W22319
8,W22320
3,W22321
1,W22322
1,W22323
0,W22324
0,W22325
1,W22326
6,W22327
971,W22334
26,W22337
121,W22340
72,W22343
965,W22344
20,W22345
72,W22346
145,W22347
204,W22348
25,W22349
30,W22350
58,W22351
597,W22352
100,W22353
4,W22354
4,W22355
22,W22356
58,W22358
3,W22359
32,W22361
12273,W22362
521,W22378
27,W22379
71,W22380
73,W22389
1515,W22393
49,W22432
98,W22433
55,W22434
25,W22466
82,W22467
19,W22468
42,W22469
31,W22505
391,W22642
2721,W22703
4205,W22704
31,W22705
31,W22709
49,W22712
18,W22713
6,W22721
27,W22787
19,W22917
375,W22920
45,W22927
1180,W22933
41,W22936
19,W22938
81,W22946
220,W22949
19,W22982
699,W23151
57,W23154
35,W23155
71,W23156
27,W23157
57,W23158
1,W23159
13,W23160
10,W23161
31,W23162
32,W23163
24,W23164
7,W23165
53,W23166
7,W23167
14,W23169
7,W23170
20,W23171
18,W23172
26,W23173
7,W23174
13,W23175
32,W23176
13,W23177
3,W23179
13,W23180
15,W23181
163,W23183
33,W23184
35,W23185
10,W23186
56,W23187
8,W23188
62,W23189
6,W23190
30,W23191
28,W23192
13,W23193
25,W23194
10,W23195
18,W23196
5,W23197
105,W23198
33,W23199
330,W23200
14,W23201
33,W23202
21,W23203
1,W23204
21,W23205
102,W23206
23,W23208
6,W23209
43,W23210
55,W23211
13,W23212
6,W23213
24,W23214
29,W23215
8,W23216
69,W23218
21,W23219
8,W23220
17,W23221
2,W23222
13,W23223
31,W23224
3,W23225
18,W23227
21,W23228
27,W23229
36,W23230
6,W23231
3,W23233
44,W23259
72,W23344
89,W23345
19,W23346
13,W23347
14,W23348
67,W23349
5,W23350
16,W23351
113,W23352
14,W23367
11,W23368
19,W23369
15,W23370
4,W23371
9,W23372
14,W23373
14,W23374
5,W23375
4,W23376
10,W23379
12,W23380
947,W23386
27,W23387
23,W23390
181,W23416
8,W23417
6,W23419
11,W23420
9,W23421
20,W23422
31,W23423
26,W23424
69,W23425
28,W23426
19,W23427
22,W23429
4494,W23430
40,W23431
48,W23432
8,W23433
345,W23434
433,W23435
18,W23436
11,W23437
1,W23438
98,W23439
49,W23440
79,W23443
32,W23444
416,W23445
237,W23446
151,W23447
14,W23448
8,W23449
24,W23450
67,W23451
34,W23453
23,W23454
37,W23455
34,W23456
24,W23457
22,W23458
46,W23459
12,W23460
0,W23462
19,W23463
18,W23464
16,W23465
16,W23466
723,W23468
231,W23469
115,W23471
707,W23477
365,W23478
21,W23504
8,W23505
144,W23506
56,W23543
36,W23545
72,W23546
39,W23547
52,W23548
92,W23549
15,W23550
17,W23551
53,W23552
34,W23553
43,W23554
43,W23555
2930,W23556
63,W23557
15,W23558
4,W23559
15,W23560
11,W23561
27,W23562
152,W23563
22,W23564
7,W23565
682,W23566
59,W23567
54,W23568
1,W23571
14,W23572
8,W23574
7,W23576
8,W23578
138,W23602
74,W23603
20,W23604
1086,W23605
86,W23606
17,W23607
431,W23608
10,W23609
14,W23610
1,W23611
0,W23612
29,W23613
5,W23616
54,W23619
2243,W23621
86,W23622
31,W23623
22,W23624
34,W23625
6,W23626
143,W23627
23,W23628
91,W23629
52,W23630
58,W23632
116,W23633
110,W23635
92,W23636
87,W23637
86,W23638
20,W23640
6,W23641
19,W23642
9,W23645
19,W23646
13,W23647
82,W23648
278,W23649
142,W23650
25,W23651
12,W23652
109,W23653
441,W23654
17,W23655
17,W23656
6,W23657
217,W23658
9,W23659
63,W23660
556,W23661
27,W23664
26,W23670
43,W23671
9,W23674
237,W23681
21,W23682
2,W23683
163,W23685
14,W23687
67,W23688
934,W23690
146,W23692
322,W23693
300,W23695
63,W23696
24,W23697
34,W23698
38,W23699
41,W237
32,W23700
7,W23701
4025,W23702
7349,W23703
2,W23704
26,W23705
20,W23706
7,W23707
76,W23708
45,W23709
9,W23710
12,W23711
21,W23712
20,W23713
10,W23714
35,W23715
9,W23716
30,W23718
8,W23719
72,W23720
254,W23723
13,W23724
17,W23725
147,W23726
17,W23727
1,W23728
3,W23729
0,W23731
110,W23732
25,W23733
15,W23734
6,W23735
10,W23736
6,W23737
102,W23738
9,W23739
13,W23740
12,W23741
1,W23742
256,W23743
77,W23744
47,W23745
207,W23746
913,W23747
49,W23748
46,W23749
42,W23750
460,W23751
14,W23752
17,W23753
16,W23754
38,W23755
23,W23756
44,W23757
7,W23759
30,W23760
15,W23761
13,W23762
24,W23763
5,W23764
68,W23765
17,W23766
15,W23767
12,W23768
28,W23769
7,W23770
41,W23771
3,W23772
25,W23773
108,W23774
17,W23775
9,W23776
63,W23777
38,W23778
74849,W23779
17,W23780
18,W23781
25,W23782
19,W23783
11,W23784
10,W23785
58,W23786
23,W23789
11,W23790
1,W23791
19,W23792
6,W23793
12,W23794
7,W23795
13,W23796
2,W23797
4,W23798
15,W23799
11,W23800
33,W23801
52,W23802
13,W23803
11,W23806
20,W23807
23,W23808
13,W23809
20,W23810
74,W23811
13,W23815
8,W23816
32,W23817
11,W23818
37,W23819
10,W23820
45,W23821
30,W23822
78,W23823
30,W23824
41,W23825
62,W23826
301,W23827
387,W23828
5,W23829
4,W23830
26,W23831
17,W23832
16,W23833
1,W23834
11,W23836
7,W23837
25,W23838
16,W23839
25,W23841
7,W23842
357,W23843
23,W23844
12,W23845
13,W23846
92,W23847
20,W23849
8,W23858
26,W23859
729,W23860
88,W23861
23,W23862
46,W23863
170,W23864
20,W23865
34,W23867
26,W23869
15,W23871
327,W23872
68,W23873
4,W23875
90,W23877
1552,W23879
283,W23880
29,W23881
18,W23882
13,W23884
45,W23888
209,W23891
650,W23892
1736,W23893
332,W23894
21,W23895
3,W23896
28,W23897
7,W23898
390,W23899
14,W23900
20,W23902
5,W23903
75,W23904
12,W23905
12,W23906
3621,W23907
139,W23908
936,W23909
79,W23910
127,W23911
63,W23912
27,W23913
31,W23914
27,W23915
8,W23916
13,W23917
70,W23918
65,W23919
47,W23920
29,W23921
134,W23922
22,W23923
44,W23925
29,W23926
16,W23927
39,W23928
12,W23929
11,W23930
41,W23931
6,W23932
44,W23933
9,W23934
19,W23935
4,W23936
36,W23937
3,W23938
29,W23939
10,W23940
19,W23942
34,W23943
4,W23944
7,W23945
26,W23946
5,W23947
90,W23948
4,W23949
2,W23950
4,W23951
7,W23952
4,W23953
2,W23954
7,W23955
1062,W23956
40,W23957
29,W23958
3,W23992
12,W23993
2,W23994
15,W23995
304,W23996
13,W23997
9,W23998
22,W23999
13,W24000
3,W24001
42,W24002
5,W24003
3,W24004
10,W24005
14,W24006
2,W24007
15,W24008
22,W24009
6,W24010
32,W24011
5,W24012
12,W24013
18,W24025
14,W24026
348,W24027
7,W24028
3,W24029
6,W24030
74,W24031
4,W24032
2,W24034
7,W24035
35,W24036
7,W24038
5,W24039
2,W24040
3,W24041
15,W24042
13,W24043
17,W24044
7,W24045
9,W24046
10,W24047
11,W24048
1630,W24051
176,W24052
625,W24053
553,W24054
1,W24063
128,W24075
9,W2408
53,W24120
18,W24121
13,W24122
11,W24123
6,W24124
3,W24125
14,W24126
25,W24127
10,W24128
14,W24129
104,W24156
10,W24168
2,W24182
4,W24184
4,W24185
2,W24187
0,W24188
6,W2429
68,W24309
12,W24459
9,W24519
47,W24575
326,W24589
115,W24590
37,W24591
50,W24630
33,W24664
207,W24672
8,W24679
89,W24686
38,W24697
21,W24699
29,W24700
27,W24765
344,W24766
34,W24767
494,W24769
8,W24770
3,W24771
229,W24790
19,W24822
43,W24823
77,W24825
22,W24826
359,W24829
4,W24878
27,W24879
297,W24880
121,W24881
251,W24882
59,W24883
298,W24884
121,W24885
494,W24886
531,W24887
160,W24888
420,W24889
7,W24890
85,W24891
95,W24989
102,W25006
321,W25007
97,W25050
45,W25052
21,W25054
42,W25056
2,W25059
47,W25088
14,W25090
39,W25093
43,W25094
28,W25095
16,W25096
11,W25097
7,W25101
248,W25102
10,W25103
5,W25104
10,W25105
5,W25107
111,W25111
468,W25112
6,W25113
44,W25114
16,W25117
22,W25120
33,W25122
60,W25126
31,W25127
20,W25138
2,W25139
65,W25140
200,W25141
22,W25143
35,W25146
37,W25148
171,W25151
7,W25155
35,W25156
34,W25159
38,W25167
15,W25168
66,W25184
53,W25185
43,W25186
11,W25189
585,W2519
2,W25194
88,W25198
87,W25199
9,W25200
135,W25213
81,W25214
62,W25219
34,W25220
116,W25243
38,W25245
309,W25246
165,W25247
873,W25250
8,W25253
35,W25254
121,W25257
144,W25258
33,W25260
40,W25262
72,W25263
33,W25264
47,W25265
46,W25268
29,W25269
10,W25270
19,W25271
5,W25272
42,W25273
18,W25274
51,W25275
44,W25278
13,W2534
19,W25570
0,W25571
0,W25573
1,W25574
7,W25576
2,W25577
0,W25579
2,W25582
5,W25583
1,W25584
10,W25586
4,W25587
2,W25588
2,W25589
1,W25590
47,W25646
159,W25815
4,W25816
4,W25817
6,W25975
5919,W25983
49,W25985
44,W25986
4,W25989
287,W25991
566,W25992
88,W25993
19,W25995
31,W25998
82,W26000
363,W26001
13,W26003
159,W26004
17,W26005
279,W26008
173,W26009
64,W26010
88,W26031
44,W26032
16,W26033
85,W26034
18,W26036
4,W26038
35,W26039
2,W26040
23,W26041
18,W26042
2148,W26071
7,W26072
12,W26073
16,W26074
5,W26075
15,W26076
34,W26077
181,W26078
34,W26082
2,W26096
22,W26097
28,W26098
54,W26176
39,W26179
505,W26180
323,W26183
12,W26185
496,W2623
446,W2625
471,W26372
43,W26440
17,W26442
11,W26443
39,W26444
60,W26445
20,W26447
37,W26448
30,W26449
54,W26450
41,W26453
34,W26455
24,W26456
14,W26457
3,W26458
15,W26459
1,W26461
11,W26462
19,W26463
13,W26464
2,W26569
9,W26570
2,W26572
11,W26573
4,W26615
2,W26616
42,W26618
7,W26621
2,W26622
8,W26623
17,W26625
392,W26626
497,W26627
229,W26630
99,W26672
101,W26673
22,W26674
1702,W26675
8,W26676
4,W26677
38,W26678
237,W26741
184,W27015
145,W27016
34,W27018
24,W27020
31,W27021
6,W27022
8,W27024
240,W27212
95,W27214
32,W27215
14,W27216
12,W27217
28,W27218
5,W27219
30,W27221
6,W27222
4,W27266
1,W27267
2,W27269
1,W27270
47,W27273
240,W27282
4,W27283
7,W27284
246,W27295
316,W27296
4,W27297
32,W27298
32,W27299
126,W27300
31,W27301
15,W27302
24,W27303
51,W27304
2,W27305
218,W27306
42,W27307
74,W27308
63,W27309
61,W27310
24,W27311
0,W27312
129,W27313
132,W27314
27,W27315
52,W27316
619,W27318
77,W27319
164,W27321
9,W27322
70,W27323
24,W27324
2,W27325
9,W27370
7,W27372
82,W27401
42,W27405
27,W27406
14,W27407
4,W27408
10,W27410
15,W27411
16,W27412
244,W27413
22,W27414
22,W27415
4,W27416
12,W27417
17,W27418
74,W27420
21,W27476
6,W27477
11,W27478
282,W27479
19,W27480
54,W27481
40,W27482
22,W27483
57,W27484
14,W27485
327,W27486
17,W27487
14,W27488
13,W27489
26,W27490
66,W27491
139,W27492
106,W27493
191,W27494
102,W27495
108,W27496
13,W27497
371,W27498
25,W27499
14,W27500
21,W27501
16,W27502
12,W27503
7,W27504
10,W27505
11,W27506
11,W27507
2,W27509
9,W27510
14,W27511
3,W27512
2,W27513
22,W27514
11,W27516
6,W27518
5,W27519
3,W27520
10,W27521
9,W27522
7,W27523
9,W27524
1,W27551
2,W27552
57,W27553
212,W27554
18,W27555
60,W27556
251,W27557
978,W27558
25,W27563
2,W27594
5,W27595
9,W27596
5,W27597
13,W27598
11,W27599
18,W27600
11,W27602
2,W27603
6,W27604
1,W27605
2,W27606
3,W27608
1,W27609
6,W27610
230,W27736
13,W27866
31,W27867
11,W27868
16,W27869
18,W27870
28,W27871
19,W27872
15,W27873
11,W27874
8,W27875
2,W27876
13,W27877
26,W27882
450,W27883
11,W27884
2,W27885
7,W27886
34,W27887
7,W27888
212,W27903
6,W27911
9,W27912
10,W27913
12,W27914
18,W27915
27,W27916
31,W27917
37,W27918
7,W27919
13,W27921
6,W27922
8,W27923
18,W27924
4,W27925
13,W27926
17,W27927
226,W2793
1,W27932
17,W27933
32,W27934
3,W27935
26,W27936
12,W27938
76,W27939
14,W27940
13,W27941
35,W27942
14,W28043
325,W28044
155,W28064
220,W28259
40,W28260
15,W28261
137,W28263
40,W2831
278,W28388
25,W28391
29,W28685
1407,W2872
185,W28723
375,W28732
20,W28737
5,W28738
614,W28739
2,W28780
1119,W28792
3,W28800
37,W28801
25,W28802
145,W28803
112,W28809
75,W28810
7,W28811
49,W28813
162,W28829
9,W28830
43,W28831
130,W28832
126,W28833
80,W28834
73,W28835
144,W28836
8,W28837
16,W28838
283,W28839
40,W28840
99,W28841
148,W28843
70,W28844
75,W28845
21,W28846
45,W28847
34,W28848
6481,W28849
365,W28850
37,W28851
227,W28852
21,W28855
54,W28856
113,W28857
68,W28858
126,W28860
72,W28861
35,W28866
23,W28867
130,W28868
111,W28869
20,W28876
28,W28882
22,W28883
37,W28885
192,W28887
107,W28897
75,W28898
227,W28922
37,W28925
41,W28926
15,W28927
23,W28928
18,W28929
29,W28931
32,W28932
41,W28933
28,W28934
24,W28935
282,W28936
116,W28941
434,W28942
584,W28948
414,W28949
56,W28951
25,W28952
11,W28953
56,W28954
246,W28955
18,W28956
86,W28957
54,W28958
107,W28959
14,W28960
121,W28961
119,W28962
123,W28963
121,W28964
28,W28965
124,W28966
1905,W28967
262,W28968
209,W28970
207,W28971
200,W28972
211,W28973
210,W28974
179,W28975
75,W28978
119,W28979
139,W28980
43,W28981
5,W28982
66,W28983
82,W28990
66,W28996
116,W29006
57,W29007
86,W29008
42,W29009
25,W29011
35,W29012
288,W29013
40,W29014
66,W29015
199,W29016
63,W29018
23,W29022
115,W29031
67,W29032
301,W29035
72,W29036
1502,W29037
45,W29040
9,W29041
37,W29042
23,W29045
28,W29046
66,W29059
138,W29060
138,W29091
352,W29092
33,W29093
157,W29095
166,W29096
67,W29097
77,W29099
97,W29100
1423,W29101
406,W29102
168,W29103
4,W29105
21,W29106
48,W29114
38,W29143
157,W29145
156,W29147
121,W29149
70,W29151
8,W29152
545,W29157
31,W29185
353,W29186
2431,W29187
52,W29191
168,W29192
1075,W29193
4796,W29194
790,W29195
107,W29196
35,W29197
57,W29198
84,W29199
1229,W29200
3,W29201
33,W29203
13,W29205
337,W29206
71,W29208
44,W29210
133,W29220
22,W29222
239,W29227
711,W29228
9,W29229
124,W29231
373,W29232
31,W29233
139,W29234
148,W29235
33,W29236
109,W29237
162,W29238
168,W29239
156,W29240
9,W29244
3,W29246
31,W29247
1230,W29248
46,W29249
8,W29250
53,W29251
9,W29252
2487,W29254
7,W29256
49,W29257
106,W29259
33,W29260
12,W29262
221,W29265
92,W29267
51,W29272
14,W29273
31,W29278
241,W29284
11,W29293
195,W29294
8,W29295
125,W29296
30,W29297
248,W29298
56,W293
1138,W29307
592,W29329
12,W29336
39,W29337
35,W29338
72,W29339
19,W29340
37,W29341
21,W29342
12,W29344
34,W29363
6,W29374
22,W29382
1019,W294
39,W29400
18103,W29468
50,W29477
27,W29478
14,W29481
12,W29482
138,W29483
29,W29484
9,W29485
671,W29486
22,W29493
97,W29495
10,W29496
88,W29498
108,W29509
209,W29513
57,W29514
34,W29515
2,W29516
42,W29517
12,W29518
473,W29519
10,W29522
6,W29549
75,W29550
120,W29552
168,W29559
21,W29560
89,W29562
319,W29563
92,W29564
91,W29567
11,W29568
6,W29569
48,W29570
206,W29571
6,W29572
43,W29573
10,W29575
8,W29576
8,W29577
156,W29578
28,W29617
844,W29619
79,W29620
140,W29621
6,W29622
152,W29623
2,W29624
15,W29627
219,W29628
482,W29630
8,W29631
5,W29633
8,W29634
10,W29635
5,W29636
15,W29637
383,W29641
17,W29643
9,W29644
120,W29645
153,W29648
6,W29651
45,W29654
20,W29655
7,W29660
3,W29661
2,W29662
2,W29663
40,W29664
38,W29665
2,W29666
1,W29667
148,W29668
5,W29669
38,W29670
37,W29671
44,W29672
5,W29673
1,W29674
15,W29675
14,W29676
36,W29677
8,W29678
39,W29679
63,W29680
4,W29681
195,W29684
18,W29685
173,W29686
91,W29687
7128,W29688
133,W29689
193,W29695
346,W29696
156,W29701
972,W29702
281,W29703
75,W29704
104,W29706
21,W2972
56,W29894
63,W29895
54,W29896
69,W29897
51,W29898
33,W29899
59,W29900
62,W29901
48,W29902
41,W29903
47,W29905
82,W29911
157,W29912
29,W2993
74,W29975
50,W29976
128,W29978
46,W29979
28,W29980
88,W29981
69,W29982
8,W29983
45,W29984
14,W29985
28,W29991
39,W29993
30,W2CZ10139
39,W2CZ10141
49,W2CZ10142
7,W2CZ10542
80,W2CZ10979
28,W2CZ5019
90,W2CZ5022
38,W2CZ5665
55,W2CZ5666
48,W2CZ5667
49,W2CZ5668
106,W2CZ5669
30,W2CZ5670
184,W2CZ5681
123,W2CZ5987
64,W2CZ5988
428,W2CZ5990
39,W2CZ5991
113,W2CZ6023
15,W2CZ6024
14,W2CZ6025
17,W2CZ6027
14,W2CZ6031
2,W2CZ6035
68,W2CZ6214
40,W2CZ6231
18,W2CZ6238
23,W2CZ6240
13,W2CZ6243
7,W2CZ6588
14,W2CZ6590
22,W2CZ6593
11,W2CZ6595
143,W2CZ6597
22,W2CZ6598
11,W2CZ6600
70,W2CZ6601
3,W2CZ6602
21,W2CZ6604
22,W2CZ6605
42,W2CZ6606
3,W2CZ6607
13,W2CZ6615
14,W2CZ6618
320,W2CZ6639
10,W2CZ6640
21,W2CZ6641
3,W2CZ6645
7,W2CZ6647
23,W2CZ6650
10,W2CZ6653
14,W2CZ6655
24,W2CZ6656
47,W2CZ6662
28,W2CZ6751
17,W2CZ6759
108,W2CZ6760
27,W2CZ6761
39,W2CZ6767
20,W2CZ6771
12,W2CZ6772
8,W2CZ6774
15,W2CZ6778
8,W2CZ6779
2,W2CZ7504
1,W2CZ7505
4,W2CZ7507
10,W2CZ7672
2,W2CZ7692
35,W2CZ7697
1,W2CZ7698
3,W2CZ7699
6,W2CZ7701
31,W2CZ7729
3,W2CZ7838
2,W2CZ7839
12,W2CZ7840
245,W2CZ7841
631,W2CZ7842
199,W2CZ7844
79,W2CZ7845
132,W2CZ7846
141,W2CZ7847
217,W2CZ7848
92,W2CZ7855
297,W2CZ7858
394,W2CZ7859
41,W2CZ7861
441,W2CZ7862
15,W2CZ7868
28,W2CZ7869
4,W2CZ7870
248,W2CZ7872
12,W2CZ7873
17,W2CZ7876
78,W2CZ7877
21,W2CZ7881
3,W2CZ7882
16,W2CZ7888
10,W2CZ7892
4,W2CZ7894
7,W2CZ7895
453,W2CZ7896
0,W2CZ7897
6,W2CZ7899
26,W2CZ7900
0,W2CZ7901
2,W2CZ7902
4,W2CZ7903
3,W2CZ7904
2,W2CZ7907
3,W2CZ7908
5,W2CZ7909
4,W2CZ7910
1,W2CZ7911
1,W2CZ7912
9,W2CZ7913
31,W2CZ7914
24,W2CZ7915
20,W2CZ7918
21,W2CZ7922
23,W2CZ7923
1,W2CZ7925
1,W2CZ7926
0,W2CZ7927
1,W2CZ7928
1,W2CZ7930
2,W2CZ7931
1,W2CZ7932
12,W2CZ7933
0,W2CZ7934
2,W2CZ7935
0,W2CZ7936
1,W2CZ7937
0,W2CZ7938
3,W2CZ7939
183,W2CZ7948
4,W2CZ7949
15,W2CZ7950
3,W2CZ7951
10,W2CZ7952
329,W2CZ7955
23,W2CZ7957
175,W2CZ7958
364,W2CZ7959
26,W2CZ7960
3,W2CZ7962
1,W2CZ7963
3,W2CZ7964
3,W2CZ7965
24,W2CZ7966
8,W2CZ7967
78,W2CZ7968
4,W2CZ7969
3,W2CZ7970
1,W2CZ7971
1,W2CZ7972
1,W2CZ7973
1,W2CZ7974
2,W2CZ7975
3,W2CZ7976
1,W2CZ7977
3,W2CZ7978
2,W2CZ7979
54,W2CZ7980
2,W2CZ7981
2,W2CZ7982
2,W2CZ7983
1,W2CZ7984
1,W2CZ7985
0,W2CZ7986
0,W2CZ7987
568,W2CZ7988
367,W2CZ7990
35,W2CZ7991
219,W2CZ7993
116,W2CZ8008
127,W2CZ8010
11,W2CZ8012
6,W2CZ8013
174,W2CZ8015
8,W2CZ8017
19,W2CZ8018
77,W2CZ8020
69,W2CZ8024
34,W2CZ8025
86,W2CZ8032
183,W2CZ8040
46,W2CZ8044
24,W2CZ8046
31,W2CZ8049
115,W2CZ8050
38,W2CZ8056
25,W2CZ8057
26,W2CZ8058
23,W2CZ8060
11,W2CZ8061
6,W2CZ8062
3,W2CZ8063
0,W2CZ8064
28,W2CZ8065
16,W2CZ8067
16,W2CZ8068
10,W2CZ8069
33,W2CZ8070
150,W2CZ8072
3,W2CZ8073
2,W2CZ8074
4,W2CZ8075
108,W2CZ8076
10,W2CZ8079
24,W2CZ8080
45,W2CZ8081
16,W2CZ8082
19,W2CZ8084
6,W2CZ8086
32,W2CZ8087
47,W2CZ8089
13,W2CZ8090
91,W2CZ8091
70,W2CZ8092
191,W2CZ8093
30,W2CZ8094
55,W2CZ8095
575,W2CZ8096
15,W2CZ8097
25,W2CZ9075
59,W2CZ9076
9,W2CZ9077
31,W2CZ9078
13,W2CZ9079
5,W2CZ9080
23,W2CZ9083
12,W2CZ9084
18,W2CZ9085
12,W2CZ9086
12,W2CZ9087
13,W2CZ9088
14,W2CZ9089
15,W2CZ9090
18,W2CZ9091
18,W2CZ9092
11,W2CZ9094
10,W2CZ9095
11,W2CZ9096
9,W2CZ9097
24,W2CZ9098
11,W2CZ9099
10,W2CZ9100
13,W2CZ9101
11,W2CZ9102
13,W2CZ9103
9,W2CZ9104
14,W2CZ9106
13,W2CZ9107
10,W2CZ9108
15,W2CZ9109
12,W2CZ9110
12,W2CZ9111
15,W2CZ9112
15,W2CZ9114
14,W2CZ9115
14,W2CZ9116
15,W2CZ9117
14,W2CZ9118
14,W2CZ9119
17,W2CZ9120
66,W2CZ9121
15,W2CZ9124
19,W2CZ9125
17,W2CZ9126
16,W2CZ9128
18,W2CZ9129
19,W2CZ9130
81,W2CZ9131
24,W2CZ9132
20,W2CZ9133
21,W2CZ9134
19,W2CZ9135
21,W2CZ9136
20,W2CZ9137
13,W2CZ9138
21,W2CZ9139
23,W2CZ9140
23,W2CZ9141
20,W2CZ9142
18,W2CZ9143
19,W2CZ9144
19,W2CZ9145
18,W2CZ9146
20,W2CZ9147
19,W2CZ9148
20,W2CZ9149
21,W2CZ9150
19,W2CZ9151
19,W2CZ9152
19,W2CZ9153
40,W2CZ9154
12,W2DB13635
25,W2DB13636
24,W2DB13637
14,W2DB13638
12,W2DB13639
10,W2DB13640
10,W2DB13641
6,W2DB13642
7,W2DB13643
8,W2DB13644
12,W2DB13645
2,W2DB15921
2,W2DB16418
2,W2DB16421
3,W2DB16422
2,W2DB16423
22,W2DB16424
19,W2DB16425
645,W2DB16428
222,W2DB16429
183,W2DB16430
106,W2DB16431
1237,W2DB16630
805,W2DB16631
20,W2DB19540
27,W2DB19541
33,W2DB20787
18,W2DB20789
155,W2DB20790
145,W2DB20791
1023,W2DB20792
41,W2DB20795
78,W2DB25060
15,W2DB25391
85,W2DB25419
111,W2DB25420
35,W2DB25421
226,W2DB25427
280,W2DB25428
649,W2DB25429
4,W2DB25433
4,W2DB25434
3,W2DB25435
2,W2DB25436
1,W2DB25437
4,W2DB25438
4,W2DB25439
4,W2DB25440
4,W2DB25441
4,W2DB25442
6,W2DB25449
163,W2DB25450
4,W2DB25451
5,W2DB25452
75,W2DB25463
11,W2DB25465
10442,W2DB25466
114,W2DB35089
2539,W2DB35090
49,W2DB35563
2,W2DB4539
5,W2DB4542
19,W2DB4544
20,W2DB4546
1,W2DB4547
1,W2DB4548
503,W2DB4565
219,W2DB4566
843,W2DB4567
1067,W2DB4568
1375,W2DB4569
192,W2DB4570
1110,W2DB4571
1085,W2DB4573
134,W2DB4574
169,W2DB4575
25,W2DB4576
341,W2DB4577
3031,W2DB4578
9,W2DB4579
92,W2DB4582
392,W2DB4583
82,W2DB4584
148,W2DB4588
528,W2DB4589
530,W2DB4591
763,W2DB4593
167,W2DB4594
241,W2DB4595
240,W2DB4597
117,W2DB4599
57,W2DB4600
246,W2DB4601
70,W2DB4602
140,W2DB4603
130,W2DB4604
110,W2DB4605
110,W2DB4606
148,W2DB4607
161,W2DB4608
151,W2DB4609
936,W2DB4610
676,W2DB4611
51,W2DB4612
61,W2DB4613
95,W2DB4614
43,W2DB4615
92,W2DB4616
722,W2DB4617
40,W2DB4618
41,W2DB4619
48,W2DB4620
8,W2DB4621
6,W2DB4622
5,W2DB4623
47,W2DB4624
75,W2DB4625
176,W2DB4626
177,W2DB4627
66,W2DB4628
6,W2DB4629
5,W2DB4630
2,W2DB5087
12,W2DB5088
4,W2DB54922
319,W2DB57569
66,W2DB5974
4,W2DB5977
35,W2DB5978
102,W2GS1313
5,W2GS1315
3,W2GS1316
242,W2MS2257
281,W2MS2274
234,W2MS743
132,W2MS811
131,W2MS813
142,W30012
31,W30013
94,W30014
54,W30015
173,W30016
80,W30017
19,W30018
172,W30019
43,W30020
16,W30021
22,W30022
16,W30023
40,W30030
17,W30031
109,W30032
60,W30037
97,W30038
100,W30039
97,W30040
139,W30042
32,W30047
26,W30049
135,W30052
107,W30055
13,W30056
102,W30060
88,W30061
47,W30066
189,W30067
41,W30068
12,W30069
1057,W30070
177,W30071
196,W30072
55,W30073
79,W30074
104,W30075
352,W30076
124,W30083
201,W30084
104,W30085
38,W30086
157,W30087
326,W30090
194,W30092
79,W30094
41,W30096
116,W30098
64,W30099
88,W30100
286,W30101
100,W30102
57,W30103
57,W30104
7243,W30105
35,W30106
75,W30107
109,W30108
73,W30110
65,W30112
77,W30113
98,W30114
83,W30115
135,W30116
44,W30117
76,W30119
49,W30120
66,W30121
70,W30122
12,W30123
31,W30124
33,W30125
49,W30126
57,W30128
51,W30129
68,W30131
28,W30132
15,W30134
61,W30135
71,W30136
18,W30137
8,W30138
66,W30139
34,W30140
180,W30141
12,W30142
9,W30143
2,W30144
5,W30145
41,W30146
35,W30147
26,W30148
24,W30149
12,W30150
13,W30151
86,W30152
3,W30153
54,W30154
73,W30155
40,W30156
37,W30157
106,W30158
162,W30160
44,W30161
112,W30163
86,W30164
45,W30165
35,W30166
31,W30167
45,W30168
40,W30169
41,W30170
47,W30171
37,W30172
28,W30173
97,W30175
43,W30176
370,W30177
29,W30178
436,W30179
453,W30180
34,W30181
110,W30182
353,W30183
202,W30184
8,W30185
68,W30187
100,W30188
104,W30191
92,W30192
75,W30197
373,W30199
58,W30261
17,W30263
40,W30264
51,W30266
50,W30267
23,W30268
159,W30278
166,W30279
4,W30280
33,W30281
43,W30282
42,W30283
59,W30284
2334,W30285
71,W30286
45,W30287
27,W30288
38,W30289
34,W30290
223,W30291
10,W30292
25,W30293
86,W30294
123,W30295
9,W30296
49,W30303
109,W30304
37,W30305
51,W30306
281,W30307
94,W30308
75,W30319
9,W30320
31,W30322
107,W30323
49,W30324
165,W3033
39,W30334
11,W30335
302,W30336
60,W30337
63,W30338
24,W30339
86,W30340
30,W30341
37,W30344
41,W30345
40,W30346
10,W30347
22,W30348
3,W30349
4,W30350
127,W30360
531,W30361
35,W30363
117,W30366
49,W30367
122,W30385
9,W30387
62,W30388
31,W30391
280,W30394
230,W30395
24,W30396
21,W30397
101,W30398
5,W30399
45,W30400
31,W30402
12,W30403
55,W30404
21,W30405
15,W30406
991,W30407
75,W30408
27,W30416
118,W30417
26,W30420
229,W30426
178,W30427
93,W30428
20,W30430
161,W30431
58,W30432
100,W30433
51,W30434
14,W30435
10,W30436
110,W30437
41,W30438
220,W30439
735,W30440
87,W30441
3,W30442
8,W30443
62,W30446
229,W30448
491,W30449
16,W30450
117,W30451
43,W30452
3,W30453
32,W30454
52,W30455
326,W30456
11,W30460
852,W30461
101,W30463
38,W30465
71,W30466
10,W30467
154,W30468
51,W30470
55,W30477
35,W30484
0,W30486
106,W30491
48,W30492
1870,W30493
21,W30496
60,W30497
18697,W30498
160,W30514
57,W30515
134,W30516
49,W30520
53,W30523
108,W30526
32,W30527
70,W30528
2128,W30532
946,W30533
8,W30534
100,W30535
29,W30536
9,W30537
9,W30538
38,W30539
5,W30540
180,W30541
598,W3087
156,W321
38,W322
87,W3572
39,W3621
233,W3817
225,W3834
48,W3838
276,W384
403,W3888
35,W389
23,W3904
987,W3916
31,W3CZ1323
5,W3CZ2
325,W447
6,W453
8,W459
178,W4615
15,W465
33,W4777
87,W4815
26,W4823
296,W486
60,W4996
11,W4997
11,W4998
42,W4CZ1
13,W4CZ1018
325,W4CZ1019
15,W4CZ1021
15,W4CZ1022
13,W4CZ1035
22,W4CZ1036
10,W4CZ1038
13,W4CZ1039
4,W4CZ1040
124,W4CZ10400
116,W4CZ10401
2654,W4CZ1042
4,W4CZ1043
11,W4CZ1044
4,W4CZ1045
34,W4CZ1062
11,W4CZ1097
21,W4CZ1098
504,W4CZ1100
1856,W4CZ1101
177,W4CZ1102
117,W4CZ1104
133,W4CZ1105
118,W4CZ1106
5,W4CZ1111
77,W4CZ1116
36,W4CZ1247
6,W4CZ1248
54,W4CZ15298
46,W4CZ15299
28,W4CZ15373
64,W4CZ15374
41,W4CZ15383
47,W4CZ15384
40,W4CZ15385
119,W4CZ15391
251,W4CZ15392
3,W4CZ1547
3,W4CZ15581
7,W4CZ15584
51,W4CZ1687
15,W4CZ16918
203,W4CZ16920
132,W4CZ16921
112,W4CZ16922
79,W4CZ16923
159,W4CZ1721
85,W4CZ20860
87,W4CZ20861
55,W4CZ20862
77,W4CZ20863
271,W4CZ20864
4,W4CZ20865
42,W4CZ20866
334,W4CZ20867
62,W4CZ20869
25,W4CZ20870
41,W4CZ20871
143,W4CZ20872
95,W4CZ20873
411,W4CZ2193
2,W4CZ24513
10,W4CZ24515
1354,W4CZ2710
30,W4CZ2732
21,W4CZ30697
99,W4CZ30702
583,W4CZ30835
157,W4CZ30842
12,W4CZ31321
66,W4CZ33247
69,W4CZ33249
230,W4CZ4826
6,W4CZ4827
179630,W4CZ5369
22910,W4CZ5370
173,W4CZ6902
103,W4CZ7100
165,W4CZ73
986,W4CZ7370
17159,W4CZ7445
345,W4CZ75
444,W4CZ77
182,W4CZ78
269,W5062
135,W5329
110,W5331
47,W5424
95,W5488
3,W5671
18,W5743
72,W5832
60,W5833
145,W5842
279,W5926
1641,W5JW1
83,W5JW10
5,W5JW11
260,W5JW12
929,W5JW13
343,W5JW14
737,W5JW15
296,W5JW16
6,W5JW2
63,W5JW3
532,W5JW4
22,W5JW5
22,W5JW6
125,W5JW7
134,W5JW8
172,W5JW9
82,W6004
18,W6113
506,W6205
83,W6206
347,W635
54,W636
20,W6394
403,W6457
9,W6458
15,W6459
20,W6460
8,W6461
10,W6466
14,W6468
15,W6469
15,W6473
5,W6474
1748,W6475
26,W6485
55,W6486
65,W6489
581,W6493
66,W665
100,W669
135,W676
6,W679
101,W6799
53,W686
32,W7027
79,W703
2,W7085
10,W73
7,W7303
126,W7335
49,W7371
81,W739
126,W740
111,W741
8,W7438
217,W7477
63,W7479
33,W7487
88,W7489
67,W7494
143,W7499
59,W7500
228,W7503
28,W7516
220,W7532
1,W7545
54,W7551
35,W7555
206,W759
10,W7616
75,W7667
21,W7732
110,W7734
51,W7735
7,W7737
106,W7797
22,W7956
6,W7972
29,W8027
1213,W8039
2,W8140
25,W8145
44,W817
85,W8222
125,W8223
26,W8224
102,W8226
25,W8227
416,W8228
21,W8230
20,W8231
24,W8234
24,W8235
177,W8238
463,W8239
120,W8245
80,W8248
157,W8284
16,W8455
16,W8464
62,W8469
8,W8471
50,W8473
14,W8479
386,W8483
20,W8499
125,W8517
95,W8601
113,W8602
50,W8607
454,W861
131,W8610
165,W8618
43,W8621
1,W8668
6,W8682
8,W8683
1760,W8684
177,W87
205,W871
50,W8722
53,W8723
1287,W8751
24,W8773
8,W8803
3,W8835
44,W8859
12,W8869
71,W8870
5,W8871
217,W8873
51,W8880
13,W8881
131,W8961
43,W9071
11,W9086
72,W9088
5,W913
24,W914
987,W9140
151,W918
24,W9201
269,W9209
33,W923
39,W926
64,W929
59,W930
16,W933
36,W9366
20,W942
124,W944
82,W9558
54,W9668
38,W9674
13,W9680
169,W9683
31,W9748
48,W9752
14,W9773
5,W9810
358,W9848
314,W986
40,W9888
51,W9893
241,W9935
